[
  {"model": "landmatrix.activity", "pk": 10, "fields": {"activity_identifier": 1, "fk_status": 2, "is_public": true}},
  {"model": "landmatrix.activity", "pk": 20, "fields": {"activity_identifier": 2, "fk_status": 3, "is_public": true}},
  {"model": "landmatrix.activity", "pk": 30, "fields": {"activity_identifier": 3, "fk_status": 3, "is_public": true}},
  {"model": "landmatrix.activity", "pk": 50, "fields": {"activity_identifier": 5, "fk_status": 5, "is_public": true}},
  {"model": "landmatrix.activity", "pk": 60, "fields": {"activity_identifier": 6, "fk_status": 2, "is_public": true}},

  {"model": "landmatrix.activityattribute", "pk": 101, "fields": {"fk_activity_id": 10, "name": "target_country", "value": "104", "fk_group": 10}},
  {"model": "landmatrix.activityattribute", "pk": 102, "fields": {"fk_activity_id": 10, "name": "type", "value": "Media report", "fk_group": 21}},
  {"model": "landmatrix.activityattribute", "pk": 103, "fields": {"fk_activity_id": 10, "name": "contract_size", "value": 1000, "fk_group":  1}},
  {"model": "landmatrix.activityattribute", "pk": 104, "fields": {"fk_activity_id": 10, "name": "negotiation_status", "value": "Contract signed", "date": 2000, "fk_group":  1}},
  {"model": "landmatrix.activityattribute", "pk": 105, "fields": {"fk_activity_id": 10, "name": "contract_number", "value": 123, "fk_group": 30}},
  {"model": "landmatrix.activityattribute", "pk": 106, "fields": {"fk_activity_id": 10, "name": "crops", "value": "1", "value2": "1000", "fk_group": 1}},
  {"model": "landmatrix.activityattribute", "pk": 107, "fields": {"fk_activity_id": 10, "name": "animals", "value": "2", "value2": "1000", "fk_group": 1}},
  {"model": "landmatrix.activityattribute", "pk": 108, "fields": {"fk_activity_id": 10, "name": "minerals", "value": "1", "value2": "1000", "fk_group": 1}},
  {"model": "landmatrix.activityattribute", "pk": 109, "fields": {"fk_activity_id": 10, "name": "implementation_status", "value": "In operation (production)", "value2": "", "fk_group": 1}},
  {"model": "landmatrix.activityattribute", "pk": 110, "fields": {"fk_activity_id": 10, "name": "intention", "value": "Forest logging / management", "fk_group": 1}},
  {"model": "landmatrix.activityattribute", "pk": 111, "fields": {"fk_activity_id": 10, "name": "intention", "value": "Mining", "fk_group": 1}},
  {"model": "landmatrix.activityattribute", "pk": 112, "fields": {"fk_activity_id": 10, "name": "intention", "value": "Biofuels", "fk_group": 1}},
  {"model": "landmatrix.activityattribute", "pk": 113, "fields": {"fk_activity_id": 10, "name": "nature", "value": "Outright Purchase", "fk_group": 1}},
  {"model": "landmatrix.activityattribute", "pk": 114, "fields": {"fk_activity_id": 10, "name": "contract_area", "polygon": "0106000020E6100000010000000103000000010000000C0000009A2D2EC012915E40E41DB6BEC8F41E409EF5FB4160915E4076D1079C83FB1E403D7B93A709925E4057EED6779DF61E40F2F9D2A3BC925E40D1AB285076E81E40BE2C035376925E40E08E756779E21E4064B4A98CBA915E40D8EC297FB3E41E4031F66D755F915E401D9D120467E91E4084165EB632915E40B7D9B3BAA3EA1E40E23A6C5F00915E40D1AB285076E81E40E45894D2D6905E4046C1FE6264EA1E4091F1DDD965915E4003AEA649F9F01E409A2D2EC012915E40E41DB6BEC8F41E40", "fk_group": 10}},
  {"model": "landmatrix.activityattribute", "pk": 115, "fields": {"fk_activity_id": 10, "name": "level_of_accuracy", "value": "Country", "fk_group": 10}},
  {"model": "landmatrix.activityattribute", "pk": 116, "fields": {"fk_activity_id": 10, "name": "fully_updated", "value": "True", "fk_group": 10}},
  {"model": "landmatrix.activityattribute", "pk": 117, "fields": {"fk_activity_id": 10, "name": "tg_land_area_comment", "value": "", "fk_group": 10}},
  {"model": "landmatrix.activityattribute", "pk": 118, "fields": {"fk_activity_id": 10, "name": "id", "value": "", "fk_group": 10}},
  {"model": "landmatrix.activityattribute", "pk": 201, "fields": {"fk_activity_id": 20, "name": "target_country", "value": "104", "fk_group": 10}},
  {"model": "landmatrix.activityattribute", "pk": 202, "fields": {"fk_activity_id": 20, "name": "type", "value": "Media report", "fk_group": 20}},
  {"model": "landmatrix.activityattribute", "pk": 203, "fields": {"fk_activity_id": 20, "name": "contract_size", "value": 1000, "fk_group":  1}},
  {"model": "landmatrix.activityattribute", "pk": 204, "fields": {"fk_activity_id": 20, "name": "negotiation_status", "value": "Contract signed", "date": 2000, "fk_group":  1}},
  {"model": "landmatrix.activityattribute", "pk": 205, "fields": {"fk_activity_id": 20, "name": "contract_number", "value": 123, "fk_group": 30}},
  {"model": "landmatrix.activityattribute", "pk": 206, "fields": {"fk_activity_id": 20, "name": "crops", "value": "1", "value2": "1000", "fk_group": 1}},
  {"model": "landmatrix.activityattribute", "pk": 207, "fields": {"fk_activity_id": 20, "name": "crops", "value": "2", "value2": "10000", "fk_group": 1}},
  {"model": "landmatrix.activityattribute", "pk": 208, "fields": {"fk_activity_id": 20, "name": "animals", "value": "3", "value2": "1000", "fk_group": 1}},
  {"model": "landmatrix.activityattribute", "pk": 209, "fields": {"fk_activity_id": 20, "name": "minerals", "value": "2", "value2": "1000", "fk_group": 1}},
  {"model": "landmatrix.activityattribute", "pk": 210, "fields": {"fk_activity_id": 20, "name": "nature", "value": "Pure contract farming", "fk_group": 1}},
  {"model": "landmatrix.activityattribute", "pk": 211, "fields": {"fk_activity_id": 20, "name": "implementation_status", "value": "Startup phase (no production)", "value2": "", "fk_group": 1}},
  {"model": "landmatrix.activityattribute", "pk": 212, "fields": {"fk_activity_id": 20, "name": "intention", "value": "Mining", "fk_group": 1}},
  {"model": "landmatrix.activityattribute", "pk": 213, "fields": {"fk_activity_id": 20, "name": "nature", "value": "Concession", "fk_group": 1}},
  {"model": "landmatrix.activityattribute", "pk": 301, "fields": {"fk_activity_id": 30, "name": "target_country", "value": "104", "fk_group": 10}},
  {"model": "landmatrix.activityattribute", "pk": 302, "fields": {"fk_activity_id": 30, "name": "type", "value": "Media report", "fk_group": 20}},
  {"model": "landmatrix.activityattribute", "pk": 303, "fields": {"fk_activity_id": 30, "name": "contract_size", "value": 1000, "fk_group":  1}},
  {"model": "landmatrix.activityattribute", "pk": 304, "fields": {"fk_activity_id": 30, "name": "negotiation_status", "value": "Contract signed", "date": 2000, "fk_group":  1}},
  {"model": "landmatrix.activityattribute", "pk": 305, "fields": {"fk_activity_id": 30, "name": "contract_number", "value": 123, "fk_group": 30}},
  {"model": "landmatrix.activityattribute", "pk": 306, "fields": {"fk_activity_id": 30, "name": "nature", "value": "Pure contract farming", "fk_group": 1}},
  {"model": "landmatrix.activityattribute", "pk": 307, "fields": {"fk_activity_id": 30, "name": "intention", "value": "Biofuels", "fk_group": 1}},

  {"model": "landmatrix.historicalactivity", "pk": 10, "fields": {"activity_identifier": 1, "fk_status": 2, "history_date": "2000-01-01T00:00:00Z", "history_user": 2, "fully_updated": true}},
  {"model": "landmatrix.historicalactivity", "pk": 20, "fields": {"activity_identifier": 2, "fk_status": 3, "history_date": "2000-01-01T00:00:00Z", "history_user": 2}},
  {"model": "landmatrix.historicalactivity", "pk": 21, "fields": {"activity_identifier": 2, "fk_status": 1, "history_date": "2000-01-01T01:00:00Z", "history_user": 1}},
  {"model": "landmatrix.historicalactivity", "pk": 30, "fields": {"activity_identifier": 3, "fk_status": 3, "history_date": "2000-01-01T00:00:00Z", "history_user": 2}},
  {"model": "landmatrix.historicalactivity", "pk": 40, "fields": {"activity_identifier": 4, "fk_status": 4, "history_date": "2000-01-01T00:00:00Z", "history_user": 2}},
  {"model": "landmatrix.historicalactivity", "pk": 50, "fields": {"activity_identifier": 5, "fk_status": 5, "history_date": "2000-01-01T00:00:00Z", "history_user": 1}},
  {"model": "landmatrix.historicalactivity", "pk": 60, "fields": {"activity_identifier": 6, "fk_status": 2, "history_date": "2000-01-01T00:00:00Z", "history_user": 2}},
  {"model": "landmatrix.historicalactivity", "pk": 61, "fields": {"activity_identifier": 6, "fk_status": 6, "history_date": "2000-01-01T00:00:00Z", "history_user": 1}},
  {"model": "landmatrix.historicalactivity", "pk": 70, "fields": {"activity_identifier": 7, "fk_status": 1, "history_date": "2000-01-01T01:00:00Z", "history_user": 1}},
  {"model": "landmatrix.historicalactivity", "pk": 80, "fields": {"activity_identifier": 8, "fk_status": 1, "history_date": "2000-01-01T01:00:00Z", "history_user": 2}},
  {"model": "landmatrix.historicalactivity", "pk": 90, "fields": {"activity_identifier": 9, "fk_status": 1, "history_date": "2000-01-01T01:00:00Z", "history_user": 2, "comment": "Deal scope: Domestic/Self reference"}},
  {"model": "landmatrix.historicalactivity", "pk": 100, "fields": {"activity_identifier": 10, "fk_status": 2, "history_date": "2000-01-01T01:00:00Z", "history_user": 2, "comment": "Invalid investors"}},
  {"model": "landmatrix.historicalactivity", "pk": 110, "fields": {"activity_identifier": 11, "fk_status": 2, "history_date": "2000-01-01T01:00:00Z", "history_user": 2, "comment": "Mining"}},

  {"model": "landmatrix.historicalactivityattribute", "pk": 101, "fields": {"fk_activity_id": 10, "name": "target_country", "value": "104", "fk_group": 10}},
  {"model": "landmatrix.historicalactivityattribute", "pk": 102, "fields": {"fk_activity_id": 10, "name": "type", "value": "Media report", "fk_group": 21}},
  {"model": "landmatrix.historicalactivityattribute", "pk": 103, "fields": {"fk_activity_id": 10, "name": "contract_size", "value": 1000, "fk_group":  1}},
  {"model": "landmatrix.historicalactivityattribute", "pk": 104, "fields": {"fk_activity_id": 10, "name": "negotiation_status", "value": "Contract signed", "date": 2000, "fk_group":  1}},
  {"model": "landmatrix.historicalactivityattribute", "pk": 105, "fields": {"fk_activity_id": 10, "name": "contract_number", "value": 123, "fk_group": 30}},
  {"model": "landmatrix.historicalactivityattribute", "pk": 106, "fields": {"fk_activity_id": 10, "name": "crops", "value": "1", "value2": "1000", "fk_group": 1}},
  {"model": "landmatrix.historicalactivityattribute", "pk": 107, "fields": {"fk_activity_id": 10, "name": "animals", "value": "2", "value2": "1000", "fk_group": 1}},
  {"model": "landmatrix.historicalactivityattribute", "pk": 108, "fields": {"fk_activity_id": 10, "name": "minerals", "value": "1", "value2": "1000", "fk_group": 1}},
  {"model": "landmatrix.historicalactivityattribute", "pk": 109, "fields": {"fk_activity_id": 10, "name": "implementation_status", "value": "In operation (production)", "value2": "", "date": "2000", "fk_group": 1}},
  {"model": "landmatrix.historicalactivityattribute", "pk": 110, "fields": {"fk_activity_id": 10, "name": "intention", "value": "Biofuels", "fk_group": 1}},
  {"model": "landmatrix.historicalactivityattribute", "pk": 111, "fields": {"fk_activity_id": 10, "name": "intention", "value": "Forest logging / management", "fk_group": 1}},
  {"model": "landmatrix.historicalactivityattribute", "pk": 112, "fields": {"fk_activity_id": 10, "name": "intention", "value": "Mining", "fk_group": 30}},
  {"model": "landmatrix.historicalactivityattribute", "pk": 113, "fields": {"fk_activity_id": 10, "name": "nature", "value": "Outright Purchase", "fk_group": 1}},
  {"model": "landmatrix.historicalactivityattribute", "pk": 114, "fields": {"fk_activity_id": 10, "name": "contract_area", "polygon": "0106000020E6100000010000000103000000010000000C0000009A2D2EC012915E40E41DB6BEC8F41E409EF5FB4160915E4076D1079C83FB1E403D7B93A709925E4057EED6779DF61E40F2F9D2A3BC925E40D1AB285076E81E40BE2C035376925E40E08E756779E21E4064B4A98CBA915E40D8EC297FB3E41E4031F66D755F915E401D9D120467E91E4084165EB632915E40B7D9B3BAA3EA1E40E23A6C5F00915E40D1AB285076E81E40E45894D2D6905E4046C1FE6264EA1E4091F1DDD965915E4003AEA649F9F01E409A2D2EC012915E40E41DB6BEC8F41E40", "fk_group": 10}},
  {"model": "landmatrix.historicalactivityattribute", "pk": 115, "fields": {"fk_activity_id": 10, "name": "level_of_accuracy", "value": "Country", "fk_group": 10}},
  {"model": "landmatrix.historicalactivityattribute", "pk": 116, "fields": {"fk_activity_id": 10, "name": "fully_updated", "value": "True", "fk_group": 10}},
  {"model": "landmatrix.historicalactivityattribute", "pk": 117, "fields": {"fk_activity_id": 10, "name": "tg_land_area_comment", "value": "", "fk_group": 10}},
  {"model": "landmatrix.historicalactivityattribute", "pk": 118, "fields": {"fk_activity_id": 10, "name": "id", "value": "", "fk_group": 10}},
  {"model": "landmatrix.historicalactivityattribute", "pk": 201, "fields": {"fk_activity_id": 20, "name": "target_country", "value": "104", "fk_group": 10}},
  {"model": "landmatrix.historicalactivityattribute", "pk": 202, "fields": {"fk_activity_id": 20, "name": "type", "value": "Media report", "fk_group": 20}},
  {"model": "landmatrix.historicalactivityattribute", "pk": 203, "fields": {"fk_activity_id": 20, "name": "contract_size", "value": 1000, "fk_group":  1}},
  {"model": "landmatrix.historicalactivityattribute", "pk": 204, "fields": {"fk_activity_id": 20, "name": "negotiation_status", "value": "Contract signed", "date": 2000, "fk_group":  1}},
  {"model": "landmatrix.historicalactivityattribute", "pk": 205, "fields": {"fk_activity_id": 20, "name": "contract_number", "value": 123, "fk_group": 30}},
  {"model": "landmatrix.historicalactivityattribute", "pk": 206, "fields": {"fk_activity_id": 20, "name": "crops", "value": "1", "value2": "1000", "fk_group": 1}},
  {"model": "landmatrix.historicalactivityattribute", "pk": 207, "fields": {"fk_activity_id": 20, "name": "crops", "value": "2", "value2": "1000", "fk_group": 1}},
  {"model": "landmatrix.historicalactivityattribute", "pk": 208, "fields": {"fk_activity_id": 20, "name": "animals", "value": "3", "value2": "1000", "fk_group": 1}},
  {"model": "landmatrix.historicalactivityattribute", "pk": 209, "fields": {"fk_activity_id": 20, "name": "minerals", "value": "2", "value2": "1000", "fk_group": 1}},
  {"model": "landmatrix.historicalactivityattribute", "pk": 210, "fields": {"fk_activity_id": 20, "name": "nature", "value": "Pure contract farming", "fk_group": 1}},
  {"model": "landmatrix.historicalactivityattribute", "pk": 211, "fields": {"fk_activity_id": 20, "name": "implementation_status", "value": "Startup phase (no production)", "value2": "", "fk_group": 1}},
  {"model": "landmatrix.historicalactivityattribute", "pk": 212, "fields": {"fk_activity_id": 20, "name": "intention", "value": "Forest logging / management", "fk_group": 1}},
  {"model": "landmatrix.historicalactivityattribute", "pk": 213, "fields": {"fk_activity_id": 20, "name": "nature", "value": "Concession", "fk_group": 1}},
  {"model": "landmatrix.historicalactivityattribute", "pk": 214, "fields": {"fk_activity_id": 20, "name": "intended_size", "value": 1000, "fk_group":  1}},
  {"model": "landmatrix.historicalactivityattribute", "pk": 251, "fields": {"fk_activity_id": 21, "name": "target_country", "value": "104", "fk_group": 10}},
  {"model": "landmatrix.historicalactivityattribute", "pk": 252, "fields": {"fk_activity_id": 21, "name": "type", "value": "Media report", "fk_group": 20}},
  {"model": "landmatrix.historicalactivityattribute", "pk": 253, "fields": {"fk_activity_id": 21, "name": "contract_size", "value": 1000, "fk_group":  1}},
  {"model": "landmatrix.historicalactivityattribute", "pk": 254, "fields": {"fk_activity_id": 21, "name": "negotiation_status", "value": "Contract signed", "date": 2000, "fk_group":  1}},
  {"model": "landmatrix.historicalactivityattribute", "pk": 255, "fields": {"fk_activity_id": 21, "name": "contract_number", "value": 123, "fk_group": 30}},
  {"model": "landmatrix.historicalactivityattribute", "pk": 256, "fields": {"fk_activity_id": 21, "name": "crops", "value": "1", "value2": "1000", "fk_group": 1}},
  {"model": "landmatrix.historicalactivityattribute", "pk": 257, "fields": {"fk_activity_id": 21, "name": "crops", "value": "2", "value2": "1000", "fk_group": 1}},
  {"model": "landmatrix.historicalactivityattribute", "pk": 258, "fields": {"fk_activity_id": 21, "name": "animals", "value": "3", "value2": "1000", "fk_group": 1}},
  {"model": "landmatrix.historicalactivityattribute", "pk": 259, "fields": {"fk_activity_id": 21, "name": "minerals", "value": "2", "value2": "1000", "fk_group": 1}},
  {"model": "landmatrix.historicalactivityattribute", "pk": 260, "fields": {"fk_activity_id": 21, "name": "nature", "value": "Pure contract farming", "fk_group": 1}},
  {"model": "landmatrix.historicalactivityattribute", "pk": 261, "fields": {"fk_activity_id": 21, "name": "implementation_status", "value": "Startup phase (no production)", "value2": "", "fk_group": 1}},
  {"model": "landmatrix.historicalactivityattribute", "pk": 262, "fields": {"fk_activity_id": 21, "name": "intention", "value": "Mining", "fk_group": 1}},
  {"model": "landmatrix.historicalactivityattribute", "pk": 263, "fields": {"fk_activity_id": 21, "name": "nature", "value": "Concession", "fk_group": 1}},
  {"model": "landmatrix.historicalactivityattribute", "pk": 264, "fields": {"fk_activity_id": 21, "name": "production_size", "value": 2000, "fk_group":  1}},
  {"model": "landmatrix.historicalactivityattribute", "pk": 301, "fields": {"fk_activity_id": 30, "name": "target_country", "value": "104", "fk_group": 10}},
  {"model": "landmatrix.historicalactivityattribute", "pk": 302, "fields": {"fk_activity_id": 30, "name": "type", "value": "Media report", "fk_group": 20}},
  {"model": "landmatrix.historicalactivityattribute", "pk": 303, "fields": {"fk_activity_id": 30, "name": "contract_size", "value": 1000, "fk_group":  1}},
  {"model": "landmatrix.historicalactivityattribute", "pk": 304, "fields": {"fk_activity_id": 30, "name": "negotiation_status", "value": "Contract signed", "date": 2000, "fk_group":  1}},
  {"model": "landmatrix.historicalactivityattribute", "pk": 305, "fields": {"fk_activity_id": 30, "name": "contract_number", "value": 123, "fk_group": 30}},
  {"model": "landmatrix.historicalactivityattribute", "pk": 306, "fields": {"fk_activity_id": 30, "name": "nature", "value": "Pure contract farming", "fk_group": 1}},
  {"model": "landmatrix.historicalactivityattribute", "pk": 307, "fields": {"fk_activity_id": 30, "name": "intention", "value": "Biofuels", "fk_group": 1}},
  {"model": "landmatrix.historicalactivityattribute", "pk": 401, "fields": {"fk_activity_id": 40, "name": "target_country", "value": "104", "fk_group": 10}},
  {"model": "landmatrix.historicalactivityattribute", "pk": 402, "fields": {"fk_activity_id": 40, "name": "type", "value": "Media report", "fk_group": 20}},
  {"model": "landmatrix.historicalactivityattribute", "pk": 403, "fields": {"fk_activity_id": 40, "name": "contract_size", "value": 1000, "fk_group":  1}},
  {"model": "landmatrix.historicalactivityattribute", "pk": 404, "fields": {"fk_activity_id": 40, "name": "negotiation_status", "value": "Contract signed", "date": 2000, "fk_group":  1}},
  {"model": "landmatrix.historicalactivityattribute", "pk": 405, "fields": {"fk_activity_id": 40, "name": "contract_number", "value": 1000, "fk_group": 30}},
  {"model": "landmatrix.historicalactivityattribute", "pk": 901, "fields": {"fk_activity_id": 90, "name": "target_country", "value": "20", "fk_group": 10}},
  {"model": "landmatrix.historicalactivityattribute", "pk": 902, "fields": {"fk_activity_id": 90, "name": "type", "value": "Media report", "fk_group": 20}},
  {"model": "landmatrix.historicalactivityattribute", "pk": 1001, "fields": {"fk_activity_id": 100, "name": "target_country", "value": "104", "fk_group": 10}},
  {"model": "landmatrix.historicalactivityattribute", "pk": 1002, "fields": {"fk_activity_id": 100, "name": "type", "value": "Media report", "fk_group": 20}},
  {"model": "landmatrix.historicalactivityattribute", "pk": 1101, "fields": {"fk_activity_id": 110, "name": "target_country", "value": "104", "fk_group": 10}},
  {"model": "landmatrix.historicalactivityattribute", "pk": 1102, "fields": {"fk_activity_id": 110, "name": "type", "value": "Media report", "fk_group": 20}},
  {"model": "landmatrix.historicalactivityattribute", "pk": 1103, "fields": {"fk_activity_id": 110, "name": "intention", "value": "Mining", "fk_group": 1}},


  {"model": "landmatrix.activityattributegroup", "pk": 1, "fields": {"name": "overall"}},
  {"model": "landmatrix.activityattributegroup", "pk": 10, "fields": {"name": "location_01"}},
  {"model": "landmatrix.activityattributegroup", "pk": 20, "fields": {"name": "data_source_01"}},
  {"model": "landmatrix.activityattributegroup", "pk": 21, "fields": {"name": "data_source_02"}},
  {"model": "landmatrix.activityattributegroup", "pk": 30, "fields": {"name": "contract_01"}},

  {"model": "landmatrix.activityfeedback", "pk": 10, "fields":  {"fk_activity_id": 10, "fk_user_assigned": 2, "fk_user_created": 1, "comment": "Test feedback", "timestamp": "2000-01-01T00:00:00Z"}},

  {"model": "landmatrix.activitychangeset", "pk": 10, "fields": {"fk_activity_id": 50, "fk_user": 2, "timestamp": "2000-01-01T00:00:00Z", "comment": "Test changeset"}},
  {"model": "landmatrix.activitychangeset", "pk": 20, "fields": {"fk_activity_id": 70, "fk_user": 3, "timestamp": "2000-01-01T00:00:00Z", "comment": "Test changeset"}}
]