[
  {"model": "landmatrix.filterpreset", "pk": 1, "fields": {"name": "Exclude Mining", "group": 5, "relation": "and", "is_default_country": false, "is_default_global": true, "is_hidden": false}},
  {"model": "landmatrix.filterpreset", "pk": 2, "fields": {"name": "Concluded", "group": 1, "relation": "and", "is_default_country": true, "is_default_global": true, "is_hidden": false}},
  {"model": "landmatrix.filterpreset", "pk": 3, "fields": {"name": "Intended", "group": 1, "relation": "and", "is_default_country": false, "is_default_global": false, "is_hidden": false}},
  {"model": "landmatrix.filterpreset", "pk": 4, "fields": {"name": "Failed", "group": 1, "relation": "and", "is_default_country": false, "is_default_global": false, "is_hidden": false}},
  {"model": "landmatrix.filterpreset", "pk": 5, "fields": {"name": "Mining", "group": 2, "relation": "and", "is_default_country": false, "is_default_global": false, "is_hidden": false}},
  {"model": "landmatrix.filterpreset", "pk": 6, "fields": {"name": "Forest concessions", "group": 2, "relation": "and", "is_default_country": false, "is_default_global": false, "is_hidden": false}},
  {"model": "landmatrix.filterpreset", "pk": 7, "fields": {"name": "Contract Farming", "group": 2, "relation": "and", "is_default_country": false, "is_default_global": false, "is_hidden": false}},
  {"model": "landmatrix.filterpreset", "pk": 8, "fields": {"name": "Exclude Media Reports", "group": 3, "relation": "and", "is_default_country": false, "is_default_global": false, "is_hidden": false}},
  {"model": "landmatrix.filterpreset", "pk": 9, "fields": {"name": "Domestic", "group": 4, "relation": "and", "is_default_country": false, "is_default_global": false, "is_hidden": false}},
  {"model": "landmatrix.filterpreset", "pk": 10, "fields": {"name": "Year unknown or greater than 2000", "group": 5, "relation": "or", "is_default_country": false, "is_default_global": true, "is_hidden": false}},
  {"model": "landmatrix.filterpreset", "pk": 11, "fields": {"name": "Size greather than 200 ha", "group": 5, "relation": "or", "is_default_country": false, "is_default_global": true, "is_hidden": false}},
  {"model": "landmatrix.filterpreset", "pk": 12, "fields": {"name": "Transnational", "group": 4, "relation": "and", "is_default_country": false, "is_default_global": true, "is_hidden": false}},
  {"model": "landmatrix.filterpreset", "pk": 15, "fields": {"name": "Exclude Forest concessions", "group": 2, "relation": "or", "is_default_country": false, "is_default_global": true, "is_hidden": false}},
  {"model": "landmatrix.filterpreset", "pk": 16, "fields": {"name": "Exclude Pure Contract Farming", "group": 2, "relation": "and", "is_default_country": false, "is_default_global": true, "is_hidden": false}},
  {"model": "landmatrix.filterpreset", "pk": 18, "fields": {"name": "Oil / Gas extraction", "group": 2, "relation": "and", "is_default_country": false, "is_default_global": false, "is_hidden": false}},
  {"model": "landmatrix.filterpreset", "pk": 19, "fields": {"name": "Exclude: Oil / Gas extraction", "group": 5, "relation": "and", "is_default_country": false, "is_default_global": true, "is_hidden": false}},

  {"model": "landmatrix.filterpresetgroup", "pk": 1, "fields": {"name": "Negotiation Status", "description": null}},
  {"model": "landmatrix.filterpresetgroup", "pk": 2, "fields": {"name": "Intention", "description": null}},
  {"model": "landmatrix.filterpresetgroup", "pk": 3, "fields": {"name": "Data Source", "description": null}},
  {"model": "landmatrix.filterpresetgroup", "pk": 4, "fields": {"name": "Deal Scope", "description": null}},
  {"model": "landmatrix.filterpresetgroup", "pk": 5, "fields": {"name": "Global deals", "description": ""}},

  {"model": "landmatrix.filtercondition", "pk": 12, "fields": {"fk_rule": 11, "variable": "deal_size", "key": "value", "operator": "gte", "value": "200"}},
  {"model": "landmatrix.filtercondition", "pk": 15, "fields": {"fk_rule": 10, "variable": "init_date", "key": "value", "operator": "gt", "value": "1999-12-31"}},
  {"model": "landmatrix.filtercondition", "pk": 17, "fields": {"fk_rule": 10, "variable": "init_date", "key": "value", "operator": "is_empty", "value": ""}},
  {"model": "landmatrix.filtercondition", "pk": 19, "fields": {"fk_rule": 2, "variable": "current_negotiation_status", "key": "value", "operator": "in", "value": "Oral agreement,Contract signed"}},
  {"model": "landmatrix.filtercondition", "pk": 20, "fields": {"fk_rule": 3, "variable": "current_negotiation_status", "key": "value", "operator": "in", "value": "Expression of interest,Under negotiation,Memorandum of understanding"}},
  {"model": "landmatrix.filtercondition", "pk": 21, "fields": {"fk_rule": 4, "variable": "current_negotiation_status", "key": "value", "operator": "in", "value": "Negotiations failed,Contract canceled,Contract expired"}},
  {"model": "landmatrix.filtercondition", "pk": 22, "fields": {"fk_rule": 1, "variable": "intention", "key": "value", "operator": "excludes", "value": "Mining"}},
  {"model": "landmatrix.filtercondition", "pk": 24, "fields": {"fk_rule": 8, "variable": "type", "key": "value", "operator": "excludes", "value": "Media report"}},
  {"model": "landmatrix.filtercondition", "pk": 25, "fields": {"fk_rule": 5, "variable": "intention", "key": "value", "operator": "is", "value": "Mining"}},
  {"model": "landmatrix.filtercondition", "pk": 26, "fields": {"fk_rule": 6, "variable": "forest_concession", "key": "value", "operator": "is", "value": "True"}},
  {"model": "landmatrix.filtercondition", "pk": 27, "fields": {"fk_rule": 7, "variable": "nature", "key": "value", "operator": "is", "value": "Pure contract farming"}},
  {"model": "landmatrix.filtercondition", "pk": 28, "fields": {"fk_rule": 9, "variable": "deal_scope", "key": "value", "operator": "is", "value": "domestic"}},
  {"model": "landmatrix.filtercondition", "pk": 29, "fields": {"fk_rule": 12, "variable": "deal_scope", "key": "value", "operator": "is", "value": "transnational"}},
  {"model": "landmatrix.filtercondition", "pk": 30, "fields": {"fk_rule": 15, "variable": "forest_concession", "key": "value", "operator": "is", "value": "False"}},
  {"model": "landmatrix.filtercondition", "pk": 31, "fields": {"fk_rule": 16, "variable": "nature", "key": "value", "operator": "excludes", "value": "Pure contract farming"}},
  {"model": "landmatrix.filtercondition", "pk": 34, "fields": {"fk_rule": 6, "variable": "nature", "key": "value", "operator": "is", "value": "Concession"}},
  {"model": "landmatrix.filtercondition", "pk": 35, "fields": {"fk_rule": 18, "variable": "intention", "key": "value", "operator": "is", "value": "Oil / Gas extraction"}},
  {"model": "landmatrix.filtercondition", "pk": 36, "fields": {"fk_rule": 19, "variable": "intention", "key": "value", "operator": "excludes", "value": "Oil / Gas extraction"}},
  {"model": "landmatrix.filtercondition", "pk": 38, "fields": {"fk_rule": 11, "variable": "intended_size", "key": "value", "operator": "gte", "value": "200"}}
]