[{"fields": {"is_default_site": true, "port": 80, "site_name": "beta.landmatrix.org", "hostname": "beta.landmatrix.org", "root_page": 7}, "model": "wagtailcore.site", "pk": 3}, {"fields": {"go_live_at": null, "owner": null, "slug": "root", "locked": false, "live": true, "expire_at": null, "seo_title": "", "show_in_menus": false, "search_description": "", "title": "Root", "numchild": 1, "path": "0001", "latest_revision_created_at": null, "expired": false, "url_path": "/", "has_unpublished_changes": false, "depth": 1, "first_published_at": null, "content_type": 72}, "model": "wagtailcore.page", "pk": 1}, {"fields": {"go_live_at": null, "owner": 37, "slug": "startseite", "locked": false, "live": true, "expire_at": null, "seo_title": "", "show_in_menus": false, "search_description": "", "title": "Land Matrix", "numchild": 14, "path": "00010001", "latest_revision_created_at": "2016-03-15T15:01:10.168Z", "expired": false, "url_path": "/startseite/", "has_unpublished_changes": false, "depth": 2, "first_published_at": "2016-03-10T17:27:08.884Z", "content_type": 91}, "model": "wagtailcore.page", "pk": 7}, {"fields": {"go_live_at": null, "owner": 37, "slug": "blog", "locked": false, "live": true, "expire_at": null, "seo_title": "", "show_in_menus": false, "search_description": "", "title": "Blog", "numchild": 0, "path": "000100010001", "latest_revision_created_at": "2016-03-10T17:28:21.358Z", "expired": false, "url_path": "/startseite/blog/", "has_unpublished_changes": false, "depth": 3, "first_published_at": "2016-03-10T17:28:21.376Z", "content_type": 92}, "model": "wagtailcore.page", "pk": 8}, {"fields": {"go_live_at": null, "owner": 37, "slug": "newsletter", "locked": false, "live": true, "expire_at": null, "seo_title": "", "show_in_menus": false, "search_description": "", "title": "Newsletter", "numchild": 0, "path": "000100010002", "latest_revision_created_at": "2016-03-15T13:52:40.902Z", "expired": false, "url_path": "/startseite/newsletter/", "has_unpublished_changes": false, "depth": 3, "first_published_at": "2016-03-15T13:52:40.914Z", "content_type": 92}, "model": "wagtailcore.page", "pk": 9}, {"fields": {"go_live_at": null, "owner": 37, "slug": "publications", "locked": false, "live": true, "expire_at": null, "seo_title": "", "show_in_menus": false, "search_description": "", "title": "Publications", "numchild": 0, "path": "000100010003", "latest_revision_created_at": "2016-03-15T13:52:54.242Z", "expired": false, "url_path": "/startseite/publications/", "has_unpublished_changes": false, "depth": 3, "first_published_at": "2016-03-15T13:52:54.260Z", "content_type": 92}, "model": "wagtailcore.page", "pk": 10}, {"fields": {"go_live_at": null, "owner": 37, "slug": "about-land-matrix", "locked": false, "live": true, "expire_at": null, "seo_title": "", "show_in_menus": false, "search_description": "", "title": "About Land Matrix", "numchild": 0, "path": "000100010004", "latest_revision_created_at": "2016-03-15T13:53:10.195Z", "expired": false, "url_path": "/startseite/about-land-matrix/", "has_unpublished_changes": false, "depth": 3, "first_published_at": "2016-03-15T13:53:10.209Z", "content_type": 92}, "model": "wagtailcore.page", "pk": 11}, {"fields": {"go_live_at": null, "owner": 37, "slug": "ilc-partnership", "locked": false, "live": true, "expire_at": null, "seo_title": "", "show_in_menus": false, "search_description": "", "title": "The ILC partnership", "numchild": 0, "path": "000100010005", "latest_revision_created_at": "2016-03-15T13:53:26.599Z", "expired": false, "url_path": "/startseite/ilc-partnership/", "has_unpublished_changes": false, "depth": 3, "first_published_at": "2016-03-15T13:53:26.618Z", "content_type": 92}, "model": "wagtailcore.page", "pk": 12}, {"fields": {"go_live_at": null, "owner": 37, "slug": "data-policy", "locked": false, "live": true, "expire_at": null, "seo_title": "", "show_in_menus": false, "search_description": "", "title": "Data policy", "numchild": 0, "path": "000100010006", "latest_revision_created_at": "2016-03-15T13:53:41.324Z", "expired": false, "url_path": "/startseite/data-policy/", "has_unpublished_changes": false, "depth": 3, "first_published_at": "2016-03-15T13:53:41.339Z", "content_type": 92}, "model": "wagtailcore.page", "pk": 13}, {"fields": {"go_live_at": null, "owner": 37, "slug": "get-touch", "locked": false, "live": true, "expire_at": null, "seo_title": "", "show_in_menus": false, "search_description": "", "title": "Get in touch", "numchild": 0, "path": "000100010007", "latest_revision_created_at": "2016-03-15T13:53:50.723Z", "expired": false, "url_path": "/startseite/get-touch/", "has_unpublished_changes": false, "depth": 3, "first_published_at": "2016-03-15T13:53:50.734Z", "content_type": 92}, "model": "wagtailcore.page", "pk": 14}, {"fields": {"go_live_at": null, "owner": 37, "slug": "add-deal", "locked": false, "live": true, "expire_at": null, "seo_title": "", "show_in_menus": false, "search_description": "", "title": "Add a deal", "numchild": 0, "path": "000100010008", "latest_revision_created_at": "2016-03-15T13:54:25.717Z", "expired": false, "url_path": "/startseite/add-deal/", "has_unpublished_changes": false, "depth": 3, "first_published_at": "2016-03-15T13:54:25.729Z", "content_type": 92}, "model": "wagtailcore.page", "pk": 15}, {"fields": {"go_live_at": null, "owner": 37, "slug": "develop-your-own-app", "locked": false, "live": true, "expire_at": null, "seo_title": "", "show_in_menus": false, "search_description": "", "title": "Develop your own app", "numchild": 0, "path": "000100010009", "latest_revision_created_at": "2016-03-15T13:54:38.610Z", "expired": false, "url_path": "/startseite/develop-your-own-app/", "has_unpublished_changes": false, "depth": 3, "first_published_at": "2016-03-15T13:54:38.624Z", "content_type": 92}, "model": "wagtailcore.page", "pk": 16}, {"fields": {"go_live_at": null, "owner": 37, "slug": "provide-feedback", "locked": false, "live": true, "expire_at": null, "seo_title": "", "show_in_menus": false, "search_description": "", "title": "Provide feedback", "numchild": 0, "path": "00010001000A", "latest_revision_created_at": "2016-03-15T13:54:52.486Z", "expired": false, "url_path": "/startseite/provide-feedback/", "has_unpublished_changes": false, "depth": 3, "first_published_at": "2016-03-15T13:54:52.500Z", "content_type": 92}, "model": "wagtailcore.page", "pk": 17}, {"fields": {"go_live_at": null, "owner": 37, "slug": "help-improve-translations", "locked": false, "live": true, "expire_at": null, "seo_title": "", "show_in_menus": false, "search_description": "", "title": "Help improve translations", "numchild": 0, "path": "00010001000B", "latest_revision_created_at": "2016-03-15T13:55:04.541Z", "expired": false, "url_path": "/startseite/help-improve-translations/", "has_unpublished_changes": false, "depth": 3, "first_published_at": "2016-03-15T13:55:04.560Z", "content_type": 92}, "model": "wagtailcore.page", "pk": 18}, {"fields": {"go_live_at": null, "owner": 37, "slug": "contact", "locked": false, "live": true, "expire_at": null, "seo_title": "", "show_in_menus": false, "search_description": "", "title": "Contact", "numchild": 0, "path": "00010001000C", "latest_revision_created_at": "2016-03-15T14:17:57.918Z", "expired": false, "url_path": "/startseite/contact/", "has_unpublished_changes": false, "depth": 3, "first_published_at": "2016-03-15T14:17:57.937Z", "content_type": 92}, "model": "wagtailcore.page", "pk": 19}, {"fields": {"go_live_at": null, "owner": 37, "slug": "download", "locked": false, "live": true, "expire_at": null, "seo_title": "", "show_in_menus": false, "search_description": "", "title": "Download", "numchild": 0, "path": "00010001000D", "latest_revision_created_at": "2016-03-15T14:18:06.547Z", "expired": false, "url_path": "/startseite/download/", "has_unpublished_changes": false, "depth": 3, "first_published_at": "2016-03-15T14:18:06.563Z", "content_type": 92}, "model": "wagtailcore.page", "pk": 20}, {"fields": {"go_live_at": null, "owner": 37, "slug": "help", "locked": false, "live": true, "expire_at": null, "seo_title": "", "show_in_menus": false, "search_description": "", "title": "Help", "numchild": 0, "path": "00010001000E", "latest_revision_created_at": "2016-03-15T14:25:43.578Z", "expired": false, "url_path": "/startseite/help/", "has_unpublished_changes": false, "depth": 3, "first_published_at": "2016-03-15T14:25:43.593Z", "content_type": 92}, "model": "wagtailcore.page", "pk": 21}, {"fields": {"created_at": "2016-03-10T17:27:03.202Z", "content_json": "{\"has_unpublished_changes\": false, \"footer_column_3\": \"<p>3</p>\", \"footer_column_1\": \"<p>1</p>\", \"latest_revision_created_at\": null, \"expired\": false, \"numchild\": 0, \"live\": false, \"locked\": false, \"search_description\": \"\", \"seo_title\": \"\", \"owner\": 37, \"slug\": \"startseite\", \"footer_column_2\": \"<p>2</p>\", \"content_type\": 91, \"depth\": 2, \"path\": \"00010001\", \"expire_at\": null, \"url_path\": \"/startseite/\", \"footer_column_4\": \"<p>4</p>\", \"title\": \"Startseite\", \"go_live_at\": null, \"first_published_at\": null, \"show_in_menus\": false, \"pk\": 7}", "submitted_for_moderation": false, "user": 37, "page": 7, "approved_go_live_at": null}, "model": "wagtailcore.pagerevision", "pk": 15}, {"fields": {"created_at": "2016-03-10T17:27:08.869Z", "content_json": "{\"has_unpublished_changes\": true, \"footer_column_3\": \"<p>3</p>\", \"footer_column_1\": \"<p>1</p>\", \"latest_revision_created_at\": \"2016-03-10T17:27:03.202Z\", \"expired\": false, \"numchild\": 0, \"live\": false, \"locked\": false, \"search_description\": \"\", \"seo_title\": \"\", \"owner\": 37, \"slug\": \"startseite\", \"footer_column_2\": \"<p>2</p>\", \"content_type\": 91, \"depth\": 2, \"path\": \"00010001\", \"expire_at\": null, \"url_path\": \"/startseite/\", \"footer_column_4\": \"<p>4</p>\", \"title\": \"Startseite\", \"go_live_at\": null, \"first_published_at\": null, \"show_in_menus\": false, \"pk\": 7}", "submitted_for_moderation": false, "user": 37, "page": 7, "approved_go_live_at": null}, "model": "wagtailcore.pagerevision", "pk": 16}, {"fields": {"created_at": "2016-03-10T17:28:03.247Z", "content_json": "{\"has_unpublished_changes\": false, \"owner\": 37, \"slug\": \"blog\", \"content_type\": 92, \"depth\": 3, \"path\": \"000100010001\", \"go_live_at\": null, \"body\": \"<p>Lorem ipsum dolor sit amet, consetetur sadipscing elitr, sed diam nonumy eirmod tempor invidunt ut labore et dolore magna aliquyam erat, sed diam voluptua. At vero eos et accusam et justo duo dolores et ea rebum. Stet clita kasd gubergren, no sea takimata sanctus est Lorem ipsum dolor sit amet. Lorem ipsum dolor sit amet, consetetur sadipscing elitr, sed diam nonumy eirmod tempor invidunt ut labore et dolore magna aliquyam erat, sed diam voluptua. At vero eos et accusam et justo duo dolores et ea rebum. Stet clita kasd gubergren, no sea takimata sanctus est Lorem ipsum dolor sit amet.</p>\", \"latest_revision_created_at\": null, \"expire_at\": null, \"numchild\": 0, \"url_path\": \"/startseite/blog/\", \"live\": false, \"title\": \"Blog\", \"locked\": false, \"search_description\": \"\", \"seo_title\": \"\", \"show_in_menus\": false, \"first_published_at\": null, \"expired\": false, \"pk\": 8}", "submitted_for_moderation": false, "user": 37, "page": 8, "approved_go_live_at": null}, "model": "wagtailcore.pagerevision", "pk": 17}, {"fields": {"created_at": "2016-03-10T17:28:21.358Z", "content_json": "{\"has_unpublished_changes\": true, \"owner\": 37, \"slug\": \"blog\", \"content_type\": 92, \"depth\": 3, \"path\": \"000100010001\", \"go_live_at\": null, \"body\": \"<p>Lorem ipsum dolor sit amet, consetetur sadipscing elitr, sed diam nonumy eirmod tempor invidunt ut labore et dolore magna aliquyam erat, sed diam voluptua. At vero eos et accusam et justo duo dolores et ea rebum. Stet clita kasd gubergren, no sea takimata sanctus est Lorem ipsum dolor sit amet. Lorem ipsum dolor sit amet, consetetur sadipscing elitr, sed diam nonumy eirmod tempor invidunt ut labore et dolore magna aliquyam erat, sed diam voluptua. At vero eos et accusam et justo duo dolores et ea rebum. Stet clita kasd gubergren, no sea takimata sanctus est Lorem ipsum dolor sit amet.</p>\", \"latest_revision_created_at\": \"2016-03-10T17:28:03.247Z\", \"expire_at\": null, \"numchild\": 0, \"url_path\": \"/startseite/blog/\", \"live\": false, \"title\": \"Blog\", \"locked\": false, \"search_description\": \"\", \"seo_title\": \"\", \"show_in_menus\": false, \"first_published_at\": null, \"expired\": false, \"pk\": 8}", "submitted_for_moderation": false, "user": 37, "page": 8, "approved_go_live_at": null}, "model": "wagtailcore.pagerevision", "pk": 18}, {"fields": {"created_at": "2016-03-10T17:31:26.707Z", "content_json": "{\"body\": \"<p>Lorem ipsum dolor sit amet, consetetur sadipscing elitr, sed diam nonumy eirmod tempor invidunt ut labore et dolore magna aliquyam erat, sed diam voluptua. At vero eos et accusam et justo duo dolores et ea rebum. Stet clita kasd gubergren, no sea takimata sanctus est Lorem ipsum dolor sit amet. Lorem ipsum dolor sit amet, consetetur sadipscing elitr, sed diam nonumy eirmod tempor invidunt ut labore et dolore magna aliquyam erat, sed diam voluptua. At vero eos et accusam et justo duo dolores et ea rebum. Stet clita kasd gubergren, no sea takimata sanctus est Lorem ipsum dolor sit amet.</p>\", \"slug\": \"startseite\", \"latest_revision_created_at\": \"2016-03-10T17:27:08.869Z\", \"depth\": 2, \"first_published_at\": \"2016-03-10T17:27:08.884Z\", \"footer_column_2\": \"<p>2</p>\", \"footer_column_1\": \"<p>1</p>\", \"locked\": false, \"footer_column_4\": \"<p>4</p>\", \"footer_column_3\": \"<p>3</p>\", \"has_unpublished_changes\": false, \"pk\": 7, \"content_type\": 91, \"expire_at\": null, \"seo_title\": \"\", \"live\": true, \"search_description\": \"\", \"numchild\": 1, \"url_path\": \"/startseite/\", \"path\": \"00010001\", \"owner\": 37, \"go_live_at\": null, \"expired\": false, \"title\": \"Startseite\", \"show_in_menus\": false}", "submitted_for_moderation": false, "user": 37, "page": 7, "approved_go_live_at": null}, "model": "wagtailcore.pagerevision", "pk": 19}, {"fields": {"created_at": "2016-03-10T17:31:29.065Z", "content_json": "{\"body\": \"<p>Lorem ipsum dolor sit amet, consetetur sadipscing elitr, sed diam nonumy eirmod tempor invidunt ut labore et dolore magna aliquyam erat, sed diam voluptua. At vero eos et accusam et justo duo dolores et ea rebum. Stet clita kasd gubergren, no sea takimata sanctus est Lorem ipsum dolor sit amet. Lorem ipsum dolor sit amet, consetetur sadipscing elitr, sed diam nonumy eirmod tempor invidunt ut labore et dolore magna aliquyam erat, sed diam voluptua. At vero eos et accusam et justo duo dolores et ea rebum. Stet clita kasd gubergren, no sea takimata sanctus est Lorem ipsum dolor sit amet.</p>\", \"slug\": \"startseite\", \"latest_revision_created_at\": \"2016-03-10T17:31:26.707Z\", \"depth\": 2, \"first_published_at\": \"2016-03-10T17:27:08.884Z\", \"footer_column_2\": \"<p>2</p>\", \"footer_column_1\": \"<p>1</p>\", \"locked\": false, \"footer_column_4\": \"<p>4</p>\", \"footer_column_3\": \"<p>3</p>\", \"has_unpublished_changes\": true, \"pk\": 7, \"content_type\": 91, \"expire_at\": null, \"seo_title\": \"\", \"live\": true, \"search_description\": \"\", \"numchild\": 1, \"url_path\": \"/startseite/\", \"path\": \"00010001\", \"owner\": 37, \"go_live_at\": null, \"expired\": false, \"title\": \"Startseite\", \"show_in_menus\": false}", "submitted_for_moderation": false, "user": 37, "page": 7, "approved_go_live_at": null}, "model": "wagtailcore.pagerevision", "pk": 20}, {"fields": {"created_at": "2016-03-10T17:31:45.873Z", "content_json": "{\"body\": \"<p>Lorem ipsum dolor sit amet, consetetur sadipscing elitr, sed diam nonumy eirmod tempor invidunt ut labore et dolore magna aliquyam erat, sed diam voluptua. At vero eos et accusam et justo duo dolores et ea rebum. Stet clita kasd gubergren, no sea takimata sanctus est Lorem ipsum dolor sit amet. Lorem ipsum dolor sit amet, consetetur sadipscing elitr, sed diam nonumy eirmod tempor invidunt ut labore et dolore magna aliquyam erat, sed diam voluptua. At vero eos et accusam et justo duo dolores et ea rebum. Stet clita kasd gubergren, no sea takimata sanctus est Lorem ipsum dolor sit amet.</p>\", \"slug\": \"startseite\", \"latest_revision_created_at\": \"2016-03-10T17:31:29.065Z\", \"depth\": 2, \"first_published_at\": \"2016-03-10T17:27:08.884Z\", \"footer_column_2\": \"<p>2</p>\", \"footer_column_1\": \"<p>1</p>\", \"locked\": false, \"footer_column_4\": \"<p>4</p>\", \"footer_column_3\": \"<p>3</p>\", \"has_unpublished_changes\": false, \"pk\": 7, \"content_type\": 91, \"expire_at\": null, \"seo_title\": \"\", \"live\": true, \"search_description\": \"\", \"numchild\": 1, \"url_path\": \"/startseite/\", \"path\": \"00010001\", \"owner\": 37, \"go_live_at\": null, \"expired\": false, \"title\": \"Startseite\", \"show_in_menus\": false}", "submitted_for_moderation": false, "user": 37, "page": 7, "approved_go_live_at": null}, "model": "wagtailcore.pagerevision", "pk": 21}, {"fields": {"created_at": "2016-03-15T13:45:05.875Z", "content_json": "{\"seo_title\": \"\", \"owner\": 37, \"depth\": 2, \"title\": \"Startseite\", \"url_path\": \"/startseite/\", \"footer_column_1\": \"Explore<br/><ul>\\n                        <li><a href=\\\"/global/charts/transnational-deals\\\">Global Web of transn. deals</a></li>\\n                        <li><a href=\\\"/global/map\\\">Global map of investments</a></li>\\n                        <li><a href=\\\"/global/map\\\">Interactive Map</a></li>\\n                        <li><a href=\\\"/data/by-target_country/\\\">Grid of deals by country</a></li>\\n                        <li><a href=\\\"/download\\\">Download Data</a></li>\\n                    </ul>\\n\", \"show_in_menus\": false, \"expire_at\": null, \"numchild\": 1, \"footer_column_2\": \"<p>2</p>\", \"first_published_at\": \"2016-03-10T17:27:08.884Z\", \"has_unpublished_changes\": false, \"footer_column_3\": \"<p>3</p>\", \"path\": \"00010001\", \"locked\": false, \"search_description\": \"\", \"go_live_at\": null, \"expired\": false, \"live\": true, \"slug\": \"startseite\", \"latest_revision_created_at\": \"2016-03-10T17:31:45.873Z\", \"body\": \"[]\", \"pk\": 7, \"footer_column_4\": \"<p>4</p>\", \"content_type\": 91}", "submitted_for_moderation": false, "user": 37, "page": 7, "approved_go_live_at": null}, "model": "wagtailcore.pagerevision", "pk": 22}, {"fields": {"created_at": "2016-03-15T13:45:08.929Z", "content_json": "{\"seo_title\": \"\", \"owner\": 37, \"depth\": 2, \"title\": \"Startseite\", \"url_path\": \"/startseite/\", \"footer_column_1\": \"Explore<br/><ul>\\n                        <li><a href=\\\"/global/charts/transnational-deals\\\">Global Web of transn. deals</a></li>\\n                        <li><a href=\\\"/global/map\\\">Global map of investments</a></li>\\n                        <li><a href=\\\"/global/map\\\">Interactive Map</a></li>\\n                        <li><a href=\\\"/data/by-target_country/\\\">Grid of deals by country</a></li>\\n                        <li><a href=\\\"/download\\\">Download Data</a></li>\\n                    </ul>\\n\", \"show_in_menus\": false, \"expire_at\": null, \"numchild\": 1, \"footer_column_2\": \"<p>2</p>\", \"first_published_at\": \"2016-03-10T17:27:08.884Z\", \"has_unpublished_changes\": true, \"footer_column_3\": \"<p>3</p>\", \"path\": \"00010001\", \"locked\": false, \"search_description\": \"\", \"go_live_at\": null, \"expired\": false, \"live\": true, \"slug\": \"startseite\", \"latest_revision_created_at\": \"2016-03-15T13:45:05.875Z\", \"body\": \"[]\", \"pk\": 7, \"footer_column_4\": \"<p>4</p>\", \"content_type\": 91}", "submitted_for_moderation": false, "user": 37, "page": 7, "approved_go_live_at": null}, "model": "wagtailcore.pagerevision", "pk": 23}, {"fields": {"created_at": "2016-03-15T13:45:31.293Z", "content_json": "{\"seo_title\": \"\", \"owner\": 37, \"depth\": 2, \"title\": \"Startseite\", \"url_path\": \"/startseite/\", \"footer_column_1\": \"Explore<br/><a href=\\\"/global/charts/transnational-deals\\\">Global Web of transn. deals</a><br/><a href=\\\"/global/map\\\">Global map of investments</a><br/><a href=\\\"/global/map\\\">Interactive Map</a><br/><a href=\\\"/data/by-target_country/\\\">Grid of deals by country</a><br/><a href=\\\"/download\\\">Download Data</a><br/><ul>\\n                    </ul>\\n\", \"show_in_menus\": false, \"expire_at\": null, \"numchild\": 1, \"footer_column_2\": \"<p>2</p>\", \"first_published_at\": \"2016-03-10T17:27:08.884Z\", \"has_unpublished_changes\": false, \"footer_column_3\": \"<p>3</p>\", \"path\": \"00010001\", \"locked\": false, \"search_description\": \"\", \"go_live_at\": null, \"expired\": false, \"live\": true, \"slug\": \"startseite\", \"latest_revision_created_at\": \"2016-03-15T13:45:08.929Z\", \"body\": \"[]\", \"pk\": 7, \"footer_column_4\": \"<p>4</p>\", \"content_type\": 91}", "submitted_for_moderation": false, "user": 37, "page": 7, "approved_go_live_at": null}, "model": "wagtailcore.pagerevision", "pk": 24}, {"fields": {"created_at": "2016-03-15T13:49:49.137Z", "content_json": "{\"seo_title\": \"\", \"owner\": 37, \"depth\": 2, \"title\": \"Startseite\", \"url_path\": \"/startseite/\", \"footer_column_1\": \"<h4>Explore</h4><a href=\\\"/global/charts/transnational-deals\\\">Global Web of transn. deals</a><br/><a href=\\\"/global/map\\\">Global map of investments</a><br/><a href=\\\"/global/map\\\">Interactive Map</a><br/><a href=\\\"/data/by-target_country/\\\">Grid of deals by country</a><br/><a href=\\\"/download\\\">Download Data</a><br/><ul>\\n                    </ul>\\n\", \"show_in_menus\": false, \"expire_at\": null, \"numchild\": 1, \"footer_column_2\": \"<h4>Get Involved</h4>\\n<a href=\\\"/deal/add\\\">Add a deal</a><p><a href=\\\"/help/api\\\">Develop your own app</a></p><p><a href=\\\"/help/feedback\\\">Provide Feedback</a></p><p><a href=\\\"/help/translate\\\">Help improve translations</a>\\n</p>\", \"first_published_at\": \"2016-03-10T17:27:08.884Z\", \"has_unpublished_changes\": false, \"footer_column_3\": \"<h4>Stay Informed</h4>\\n<a href=\\\"/blog\\\">Blog</a><p><a href=\\\"/newsletter\\\">Newsletter</a><p><a href=\\\"/publications\\\">Publications</a>\\n</p></p>\", \"path\": \"00010001\", \"locked\": false, \"search_description\": \"\", \"go_live_at\": null, \"expired\": false, \"live\": true, \"slug\": \"startseite\", \"latest_revision_created_at\": \"2016-03-15T13:45:31.293Z\", \"body\": \"[]\", \"pk\": 7, \"footer_column_4\": \"<h4>About</h4>\\n<a href=\\\"/about\\\">About Land Matrix</a><p><a href=\\\"/ilc\\\">The ILC Partnership</a></p><p><a href=\\\"/policy\\\">Data policy</a><p><a href=\\\"/contact\\\">Get in touch</a>\\n</p></p>\", \"content_type\": 91}", "submitted_for_moderation": false, "user": 37, "page": 7, "approved_go_live_at": null}, "model": "wagtailcore.pagerevision", "pk": 25}, {"fields": {"created_at": "2016-03-15T13:50:05.005Z", "content_json": "{\"seo_title\": \"\", \"owner\": 37, \"depth\": 2, \"title\": \"Startseite\", \"url_path\": \"/startseite/\", \"footer_column_1\": \"<h4>Explore</h4><a href=\\\"/global/charts/transnational-deals\\\">Global Web of transn. deals</a><br/><a href=\\\"/global/map\\\">Global map of investments</a><br/><a href=\\\"/global/map\\\">Interactive Map</a><br/><a href=\\\"/data/by-target_country/\\\">Grid of deals by country</a><br/><a href=\\\"/download\\\">Download Data</a><br/><ul>\\n                    </ul>\\n\", \"show_in_menus\": false, \"expire_at\": null, \"numchild\": 1, \"footer_column_2\": \"<h4>Get Involved</h4>\\n<a href=\\\"/deal/add\\\">Add a deal</a><p><a href=\\\"/help/api\\\">Develop your own app</a></p><p><a href=\\\"/help/feedback\\\">Provide Feedback</a></p><p><a href=\\\"/help/translate\\\">Help improve translations</a>\\n</p>\", \"first_published_at\": \"2016-03-10T17:27:08.884Z\", \"has_unpublished_changes\": true, \"footer_column_3\": \"<h4>Stay Informed</h4>\\n<a href=\\\"/blog\\\">Blog</a><p><a href=\\\"/newsletter\\\">Newsletter</a></p><p><a href=\\\"/publications\\\">Publications</a>\\n</p><p></p>\", \"path\": \"00010001\", \"locked\": false, \"search_description\": \"\", \"go_live_at\": null, \"expired\": false, \"live\": true, \"slug\": \"startseite\", \"latest_revision_created_at\": \"2016-03-15T13:49:49.137Z\", \"body\": \"[]\", \"pk\": 7, \"footer_column_4\": \"<h4>About</h4>\\n<a href=\\\"/about\\\">About Land Matrix</a><p><a href=\\\"/ilc\\\">The ILC Partnership</a></p><p><a href=\\\"/policy\\\">Data policy</a></p><p><a href=\\\"/contact\\\">Get in touch</a>\\n</p><p></p>\", \"content_type\": 91}", "submitted_for_moderation": false, "user": 37, "page": 7, "approved_go_live_at": null}, "model": "wagtailcore.pagerevision", "pk": 26}, {"fields": {"created_at": "2016-03-15T13:51:40.979Z", "content_json": "{\"seo_title\": \"\", \"owner\": 37, \"depth\": 2, \"title\": \"Startseite\", \"url_path\": \"/startseite/\", \"footer_column_1\": \"<h4>Explore</h4><a href=\\\"/global/charts/transnational-deals\\\">Global Web of transn. deals</a><br/><a href=\\\"/global/map\\\">Global map of investments</a><br/><a href=\\\"/global/map\\\">Interactive Map</a><br/><a href=\\\"/data/by-target_country/\\\">Grid of deals by country</a><br/><a href=\\\"/download\\\">Download Data</a><br/><ul>\\n                    </ul>\\n\", \"show_in_menus\": false, \"expire_at\": null, \"numchild\": 1, \"footer_column_2\": \"<h4>Get Involved</h4>\\n<a href=\\\"/deal/add\\\">Add a deal</a><p><a href=\\\"/help/api\\\">Develop your own app</a><br/><a href=\\\"/help/feedback\\\">Provide Feedback</a><br/><a href=\\\"/help/translate\\\">Help improve translations</a></p>\", \"first_published_at\": \"2016-03-10T17:27:08.884Z\", \"has_unpublished_changes\": false, \"footer_column_3\": \"<h4>Stay Informed</h4>\\n<a href=\\\"/blog\\\">Blog</a><p><a href=\\\"/newsletter\\\">Newsletter</a><br/><a href=\\\"/publications\\\">Publications</a></p><p></p>\", \"path\": \"00010001\", \"locked\": false, \"search_description\": \"\", \"go_live_at\": null, \"expired\": false, \"live\": true, \"slug\": \"startseite\", \"latest_revision_created_at\": \"2016-03-15T13:50:05.005Z\", \"body\": \"[]\", \"pk\": 7, \"footer_column_4\": \"<h4>About</h4>\\n<a href=\\\"/about\\\">About Land Matrix</a><p><a href=\\\"/ilc\\\">The ILC Partnership</a><br/><a href=\\\"/policy\\\">Data policy</a><br/><a href=\\\"/contact\\\">Get in touch</a></p><p></p>\", \"content_type\": 91}", "submitted_for_moderation": false, "user": 37, "page": 7, "approved_go_live_at": null}, "model": "wagtailcore.pagerevision", "pk": 27}, {"fields": {"created_at": "2016-03-15T13:51:44.377Z", "content_json": "{\"seo_title\": \"\", \"owner\": 37, \"depth\": 2, \"title\": \"Startseite\", \"url_path\": \"/startseite/\", \"footer_column_1\": \"<h4>Explore</h4><a href=\\\"/global/charts/transnational-deals\\\">Global Web of transn. deals</a><br/><a href=\\\"/global/map\\\">Global map of investments</a><br/><a href=\\\"/global/map\\\">Interactive Map</a><br/><a href=\\\"/data/by-target_country/\\\">Grid of deals by country</a><br/><a href=\\\"/download\\\">Download Data</a><br/><ul>\\n                    </ul>\\n\", \"show_in_menus\": false, \"expire_at\": null, \"numchild\": 1, \"footer_column_2\": \"<h4>Get Involved</h4>\\n<a href=\\\"/deal/add\\\">Add a deal</a><p><a href=\\\"/help/api\\\">Develop your own app</a><br/><a href=\\\"/help/feedback\\\">Provide Feedback</a><br/><a href=\\\"/help/translate\\\">Help improve translations</a></p>\", \"first_published_at\": \"2016-03-10T17:27:08.884Z\", \"has_unpublished_changes\": true, \"footer_column_3\": \"<h4>Stay Informed</h4>\\n<a href=\\\"/blog\\\">Blog</a><p><a href=\\\"/newsletter\\\">Newsletter</a><br/><a href=\\\"/publications\\\">Publications</a></p><p></p>\", \"path\": \"00010001\", \"locked\": false, \"search_description\": \"\", \"go_live_at\": null, \"expired\": false, \"live\": true, \"slug\": \"startseite\", \"latest_revision_created_at\": \"2016-03-15T13:51:40.979Z\", \"body\": \"[]\", \"pk\": 7, \"footer_column_4\": \"<h4>About</h4>\\n<a href=\\\"/about\\\">About Land Matrix</a><p><a href=\\\"/ilc\\\">The ILC Partnership</a><br/><a href=\\\"/policy\\\">Data policy</a><br/><a href=\\\"/contact\\\">Get in touch</a></p><p></p>\", \"content_type\": 91}", "submitted_for_moderation": false, "user": 37, "page": 7, "approved_go_live_at": null}, "model": "wagtailcore.pagerevision", "pk": 28}, {"fields": {"created_at": "2016-03-15T13:52:40.902Z", "content_json": "{\"path\": \"000100010002\", \"owner\": 37, \"locked\": false, \"title\": \"Newsletter\", \"url_path\": \"/startseite/newsletter/\", \"go_live_at\": null, \"search_description\": \"\", \"expired\": false, \"live\": true, \"slug\": \"newsletter\", \"show_in_menus\": false, \"expire_at\": null, \"numchild\": 0, \"first_published_at\": null, \"pk\": 9, \"depth\": 3, \"has_unpublished_changes\": false, \"seo_title\": \"\", \"latest_revision_created_at\": null, \"content_type\": 92, \"body\": \"[]\"}", "submitted_for_moderation": false, "user": 37, "page": 9, "approved_go_live_at": null}, "model": "wagtailcore.pagerevision", "pk": 29}, {"fields": {"created_at": "2016-03-15T13:52:54.242Z", "content_json": "{\"path\": \"000100010003\", \"owner\": 37, \"locked\": false, \"title\": \"Publications\", \"url_path\": \"/startseite/publications/\", \"go_live_at\": null, \"search_description\": \"\", \"expired\": false, \"live\": true, \"slug\": \"publications\", \"show_in_menus\": false, \"expire_at\": null, \"numchild\": 0, \"first_published_at\": null, \"pk\": 10, \"depth\": 3, \"has_unpublished_changes\": false, \"seo_title\": \"\", \"latest_revision_created_at\": null, \"content_type\": 92, \"body\": \"[]\"}", "submitted_for_moderation": false, "user": 37, "page": 10, "approved_go_live_at": null}, "model": "wagtailcore.pagerevision", "pk": 30}, {"fields": {"created_at": "2016-03-15T13:53:07.301Z", "content_json": "{\"path\": \"000100010004\", \"owner\": 37, \"locked\": false, \"title\": \"About Land Matrix\", \"url_path\": \"/startseite/about-land-matrix/\", \"go_live_at\": null, \"search_description\": \"\", \"expired\": false, \"live\": false, \"slug\": \"about-land-matrix\", \"show_in_menus\": false, \"expire_at\": null, \"numchild\": 0, \"first_published_at\": null, \"pk\": 11, \"depth\": 3, \"has_unpublished_changes\": false, \"seo_title\": \"\", \"latest_revision_created_at\": null, \"content_type\": 92, \"body\": \"[]\"}", "submitted_for_moderation": false, "user": 37, "page": 11, "approved_go_live_at": null}, "model": "wagtailcore.pagerevision", "pk": 31}, {"fields": {"created_at": "2016-03-15T13:53:10.195Z", "content_json": "{\"path\": \"000100010004\", \"owner\": 37, \"locked\": false, \"title\": \"About Land Matrix\", \"url_path\": \"/startseite/about-land-matrix/\", \"go_live_at\": null, \"search_description\": \"\", \"expired\": false, \"live\": false, \"slug\": \"about-land-matrix\", \"show_in_menus\": false, \"expire_at\": null, \"numchild\": 0, \"first_published_at\": null, \"pk\": 11, \"depth\": 3, \"has_unpublished_changes\": true, \"seo_title\": \"\", \"latest_revision_created_at\": \"2016-03-15T13:53:07.301Z\", \"content_type\": 92, \"body\": \"[]\"}", "submitted_for_moderation": false, "user": 37, "page": 11, "approved_go_live_at": null}, "model": "wagtailcore.pagerevision", "pk": 32}, {"fields": {"created_at": "2016-03-15T13:53:26.599Z", "content_json": "{\"path\": \"000100010005\", \"owner\": 37, \"locked\": false, \"title\": \"The ILC partnership\", \"url_path\": \"/startseite/ilc-partnership/\", \"go_live_at\": null, \"search_description\": \"\", \"expired\": false, \"live\": true, \"slug\": \"ilc-partnership\", \"show_in_menus\": false, \"expire_at\": null, \"numchild\": 0, \"first_published_at\": null, \"pk\": 12, \"depth\": 3, \"has_unpublished_changes\": false, \"seo_title\": \"\", \"latest_revision_created_at\": null, \"content_type\": 92, \"body\": \"[]\"}", "submitted_for_moderation": false, "user": 37, "page": 12, "approved_go_live_at": null}, "model": "wagtailcore.pagerevision", "pk": 33}, {"fields": {"created_at": "2016-03-15T13:53:38.938Z", "content_json": "{\"path\": \"000100010006\", \"owner\": 37, \"locked\": false, \"title\": \"Data policy\", \"url_path\": \"/startseite/data-policy/\", \"go_live_at\": null, \"search_description\": \"\", \"expired\": false, \"live\": false, \"slug\": \"data-policy\", \"show_in_menus\": false, \"expire_at\": null, \"numchild\": 0, \"first_published_at\": null, \"pk\": 13, \"depth\": 3, \"has_unpublished_changes\": false, \"seo_title\": \"\", \"latest_revision_created_at\": null, \"content_type\": 92, \"body\": \"[]\"}", "submitted_for_moderation": false, "user": 37, "page": 13, "approved_go_live_at": null}, "model": "wagtailcore.pagerevision", "pk": 34}, {"fields": {"created_at": "2016-03-15T13:53:41.324Z", "content_json": "{\"path\": \"000100010006\", \"owner\": 37, \"locked\": false, \"title\": \"Data policy\", \"url_path\": \"/startseite/data-policy/\", \"go_live_at\": null, \"search_description\": \"\", \"expired\": false, \"live\": false, \"slug\": \"data-policy\", \"show_in_menus\": false, \"expire_at\": null, \"numchild\": 0, \"first_published_at\": null, \"pk\": 13, \"depth\": 3, \"has_unpublished_changes\": true, \"seo_title\": \"\", \"latest_revision_created_at\": \"2016-03-15T13:53:38.938Z\", \"content_type\": 92, \"body\": \"[]\"}", "submitted_for_moderation": false, "user": 37, "page": 13, "approved_go_live_at": null}, "model": "wagtailcore.pagerevision", "pk": 35}, {"fields": {"created_at": "2016-03-15T13:53:50.723Z", "content_json": "{\"path\": \"000100010007\", \"owner\": 37, \"locked\": false, \"title\": \"Get in touch\", \"url_path\": \"/startseite/get-touch/\", \"go_live_at\": null, \"search_description\": \"\", \"expired\": false, \"live\": true, \"slug\": \"get-touch\", \"show_in_menus\": false, \"expire_at\": null, \"numchild\": 0, \"first_published_at\": null, \"pk\": 14, \"depth\": 3, \"has_unpublished_changes\": false, \"seo_title\": \"\", \"latest_revision_created_at\": null, \"content_type\": 92, \"body\": \"[]\"}", "submitted_for_moderation": false, "user": 37, "page": 14, "approved_go_live_at": null}, "model": "wagtailcore.pagerevision", "pk": 36}, {"fields": {"created_at": "2016-03-15T13:54:25.717Z", "content_json": "{\"path\": \"000100010008\", \"owner\": 37, \"locked\": false, \"title\": \"Add a deal\", \"url_path\": \"/startseite/add-deal/\", \"go_live_at\": null, \"search_description\": \"\", \"expired\": false, \"live\": true, \"slug\": \"add-deal\", \"show_in_menus\": false, \"expire_at\": null, \"numchild\": 0, \"first_published_at\": null, \"pk\": 15, \"depth\": 3, \"has_unpublished_changes\": false, \"seo_title\": \"\", \"latest_revision_created_at\": null, \"content_type\": 92, \"body\": \"[]\"}", "submitted_for_moderation": false, "user": 37, "page": 15, "approved_go_live_at": null}, "model": "wagtailcore.pagerevision", "pk": 37}, {"fields": {"created_at": "2016-03-15T13:54:38.610Z", "content_json": "{\"path\": \"000100010009\", \"owner\": 37, \"locked\": false, \"title\": \"Develop your own app\", \"url_path\": \"/startseite/develop-your-own-app/\", \"go_live_at\": null, \"search_description\": \"\", \"expired\": false, \"live\": true, \"slug\": \"develop-your-own-app\", \"show_in_menus\": false, \"expire_at\": null, \"numchild\": 0, \"first_published_at\": null, \"pk\": 16, \"depth\": 3, \"has_unpublished_changes\": false, \"seo_title\": \"\", \"latest_revision_created_at\": null, \"content_type\": 92, \"body\": \"[]\"}", "submitted_for_moderation": false, "user": 37, "page": 16, "approved_go_live_at": null}, "model": "wagtailcore.pagerevision", "pk": 38}, {"fields": {"created_at": "2016-03-15T13:54:52.486Z", "content_json": "{\"path\": \"00010001000A\", \"owner\": 37, \"locked\": false, \"title\": \"Provide feedback\", \"url_path\": \"/startseite/provide-feedback/\", \"go_live_at\": null, \"search_description\": \"\", \"expired\": false, \"live\": true, \"slug\": \"provide-feedback\", \"show_in_menus\": false, \"expire_at\": null, \"numchild\": 0, \"first_published_at\": null, \"pk\": 17, \"depth\": 3, \"has_unpublished_changes\": false, \"seo_title\": \"\", \"latest_revision_created_at\": null, \"content_type\": 92, \"body\": \"[]\"}", "submitted_for_moderation": false, "user": 37, "page": 17, "approved_go_live_at": null}, "model": "wagtailcore.pagerevision", "pk": 39}, {"fields": {"created_at": "2016-03-15T13:55:04.541Z", "content_json": "{\"path\": \"00010001000B\", \"owner\": 37, \"locked\": false, \"title\": \"Help improve translations\", \"url_path\": \"/startseite/help-improve-translations/\", \"go_live_at\": null, \"search_description\": \"\", \"expired\": false, \"live\": true, \"slug\": \"help-improve-translations\", \"show_in_menus\": false, \"expire_at\": null, \"numchild\": 0, \"first_published_at\": null, \"pk\": 18, \"depth\": 3, \"has_unpublished_changes\": false, \"seo_title\": \"\", \"latest_revision_created_at\": null, \"content_type\": 92, \"body\": \"[]\"}", "submitted_for_moderation": false, "user": 37, "page": 18, "approved_go_live_at": null}, "model": "wagtailcore.pagerevision", "pk": 40}, {"fields": {"created_at": "2016-03-15T14:03:42.867Z", "content_json": "{\"seo_title\": \"\", \"owner\": 37, \"depth\": 2, \"title\": \"Startseite\", \"url_path\": \"/startseite/\", \"footer_column_1\": \"<h4>Explore</h4><a href=\\\"/global/charts/\\\">Global Web of transn. deals</a><br/><a href=\\\"/global/charts/map-of-investments/\\\">Global map of investments</a><br/><a href=\\\"/map/\\\">Interactive Map</a><br/><a href=\\\"/data/\\\">Grid of deals by country</a><br/>Download Data<br/><ul>\\n                    </ul>\\n\", \"show_in_menus\": false, \"expire_at\": null, \"numchild\": 11, \"footer_column_2\": \"<h4>Get Involved</h4>\\n<a id=\\\"15\\\" linktype=\\\"page\\\">Add a deal</a><p><a id=\\\"16\\\" linktype=\\\"page\\\">Develop your own app</a><br/><a id=\\\"17\\\" linktype=\\\"page\\\">Provide Feedback</a><br/><a id=\\\"18\\\" linktype=\\\"page\\\">Help improve translations</a></p>\", \"first_published_at\": \"2016-03-10T17:27:08.884Z\", \"has_unpublished_changes\": false, \"footer_column_3\": \"<h4>Stay Informed</h4>\\n<a id=\\\"8\\\" linktype=\\\"page\\\">Blog</a><p><a id=\\\"9\\\" linktype=\\\"page\\\">Newsletter</a><br/><a id=\\\"10\\\" linktype=\\\"page\\\">Publications</a></p><p></p>\", \"path\": \"00010001\", \"locked\": false, \"search_description\": \"\", \"go_live_at\": null, \"expired\": false, \"live\": true, \"slug\": \"startseite\", \"latest_revision_created_at\": \"2016-03-15T13:51:44.377Z\", \"body\": \"[]\", \"pk\": 7, \"footer_column_4\": \"<h4>About</h4>\\n<a id=\\\"11\\\" linktype=\\\"page\\\">About Land Matrix</a><p><a id=\\\"12\\\" linktype=\\\"page\\\">The ILC Partnership</a><br/><a id=\\\"13\\\" linktype=\\\"page\\\">Data policy</a><br/><a id=\\\"14\\\" linktype=\\\"page\\\">Get in touch</a></p><p></p>\", \"content_type\": 91}", "submitted_for_moderation": false, "user": 37, "page": 7, "approved_go_live_at": null}, "model": "wagtailcore.pagerevision", "pk": 41}, {"fields": {"created_at": "2016-03-15T14:03:47.275Z", "content_json": "{\"seo_title\": \"\", \"owner\": 37, \"depth\": 2, \"title\": \"Startseite\", \"url_path\": \"/startseite/\", \"footer_column_1\": \"<h4>Explore</h4><a href=\\\"/global/charts/\\\">Global Web of transn. deals</a><br/><a href=\\\"/global/charts/map-of-investments/\\\">Global map of investments</a><br/><a href=\\\"/map/\\\">Interactive Map</a><br/><a href=\\\"/data/\\\">Grid of deals by country</a><br/>Download Data<br/><ul>\\n                    </ul>\\n\", \"show_in_menus\": false, \"expire_at\": null, \"numchild\": 11, \"footer_column_2\": \"<h4>Get Involved</h4>\\n<a id=\\\"15\\\" linktype=\\\"page\\\">Add a deal</a><p><a id=\\\"16\\\" linktype=\\\"page\\\">Develop your own app</a><br/><a id=\\\"17\\\" linktype=\\\"page\\\">Provide Feedback</a><br/><a id=\\\"18\\\" linktype=\\\"page\\\">Help improve translations</a></p>\", \"first_published_at\": \"2016-03-10T17:27:08.884Z\", \"has_unpublished_changes\": true, \"footer_column_3\": \"<h4>Stay Informed</h4>\\n<a id=\\\"8\\\" linktype=\\\"page\\\">Blog</a><p><a id=\\\"9\\\" linktype=\\\"page\\\">Newsletter</a><br/><a id=\\\"10\\\" linktype=\\\"page\\\">Publications</a></p><p></p>\", \"path\": \"00010001\", \"locked\": false, \"search_description\": \"\", \"go_live_at\": null, \"expired\": false, \"live\": true, \"slug\": \"startseite\", \"latest_revision_created_at\": \"2016-03-15T14:03:42.867Z\", \"body\": \"[]\", \"pk\": 7, \"footer_column_4\": \"<h4>About</h4>\\n<a id=\\\"11\\\" linktype=\\\"page\\\">About Land Matrix</a><p><a id=\\\"12\\\" linktype=\\\"page\\\">The ILC Partnership</a><br/><a id=\\\"13\\\" linktype=\\\"page\\\">Data policy</a><br/><a id=\\\"14\\\" linktype=\\\"page\\\">Get in touch</a></p><p></p>\", \"content_type\": 91}", "submitted_for_moderation": false, "user": 37, "page": 7, "approved_go_live_at": null}, "model": "wagtailcore.pagerevision", "pk": 42}, {"fields": {"created_at": "2016-03-15T14:17:57.918Z", "content_json": "{\"slug\": \"contact\", \"seo_title\": \"\", \"owner\": 37, \"url_path\": \"/startseite/contact/\", \"numchild\": 0, \"go_live_at\": null, \"latest_revision_created_at\": null, \"pk\": 19, \"expire_at\": null, \"path\": \"00010001000C\", \"content_type\": 92, \"first_published_at\": null, \"search_description\": \"\", \"expired\": false, \"title\": \"Contact\", \"body\": \"[]\", \"locked\": false, \"depth\": 3, \"show_in_menus\": false, \"has_unpublished_changes\": false, \"live\": true}", "submitted_for_moderation": false, "user": 37, "page": 19, "approved_go_live_at": null}, "model": "wagtailcore.pagerevision", "pk": 43}, {"fields": {"created_at": "2016-03-15T14:18:04.432Z", "content_json": "{\"slug\": \"download\", \"seo_title\": \"\", \"owner\": 37, \"url_path\": \"/startseite/download/\", \"numchild\": 0, \"go_live_at\": null, \"latest_revision_created_at\": null, \"pk\": 20, \"expire_at\": null, \"path\": \"00010001000D\", \"content_type\": 92, \"first_published_at\": null, \"search_description\": \"\", \"expired\": false, \"title\": \"Download\", \"body\": \"[]\", \"locked\": false, \"depth\": 3, \"show_in_menus\": false, \"has_unpublished_changes\": false, \"live\": false}", "submitted_for_moderation": false, "user": 37, "page": 20, "approved_go_live_at": null}, "model": "wagtailcore.pagerevision", "pk": 44}, {"fields": {"created_at": "2016-03-15T14:18:06.547Z", "content_json": "{\"slug\": \"download\", \"seo_title\": \"\", \"owner\": 37, \"url_path\": \"/startseite/download/\", \"numchild\": 0, \"go_live_at\": null, \"latest_revision_created_at\": \"2016-03-15T14:18:04.432Z\", \"pk\": 20, \"expire_at\": null, \"path\": \"00010001000D\", \"content_type\": 92, \"first_published_at\": null, \"search_description\": \"\", \"expired\": false, \"title\": \"Download\", \"body\": \"[]\", \"locked\": false, \"depth\": 3, \"show_in_menus\": false, \"has_unpublished_changes\": true, \"live\": false}", "submitted_for_moderation": false, "user": 37, "page": 20, "approved_go_live_at": null}, "model": "wagtailcore.pagerevision", "pk": 45}, {"fields": {"created_at": "2016-03-15T14:25:41.691Z", "content_json": "{\"slug\": \"help\", \"seo_title\": \"\", \"owner\": 37, \"url_path\": \"/startseite/help/\", \"numchild\": 0, \"go_live_at\": null, \"latest_revision_created_at\": null, \"pk\": 21, \"expire_at\": null, \"path\": \"00010001000E\", \"content_type\": 92, \"first_published_at\": null, \"search_description\": \"\", \"expired\": false, \"title\": \"Help\", \"body\": \"[]\", \"locked\": false, \"depth\": 3, \"show_in_menus\": false, \"has_unpublished_changes\": false, \"live\": false}", "submitted_for_moderation": false, "user": 37, "page": 21, "approved_go_live_at": null}, "model": "wagtailcore.pagerevision", "pk": 46}, {"fields": {"created_at": "2016-03-15T14:25:43.578Z", "content_json": "{\"slug\": \"help\", \"seo_title\": \"\", \"owner\": 37, \"url_path\": \"/startseite/help/\", \"numchild\": 0, \"go_live_at\": null, \"latest_revision_created_at\": \"2016-03-15T14:25:41.691Z\", \"pk\": 21, \"expire_at\": null, \"path\": \"00010001000E\", \"content_type\": 92, \"first_published_at\": null, \"search_description\": \"\", \"expired\": false, \"title\": \"Help\", \"body\": \"[]\", \"locked\": false, \"depth\": 3, \"show_in_menus\": false, \"has_unpublished_changes\": true, \"live\": false}", "submitted_for_moderation": false, "user": 37, "page": 21, "approved_go_live_at": null}, "model": "wagtailcore.pagerevision", "pk": 47}, {"fields": {"created_at": "2016-03-15T14:26:57.664Z", "content_json": "{\"show_in_menus\": false, \"latest_revision_created_at\": \"2016-03-15T14:03:47.275Z\", \"owner\": 37, \"url_path\": \"/startseite/\", \"numchild\": 14, \"footer_column_2\": \"<h4>Get Involved</h4>\\n<a id=\\\"15\\\" linktype=\\\"page\\\">Add a deal</a><p><a id=\\\"16\\\" linktype=\\\"page\\\">Develop your own app</a><br/><a id=\\\"17\\\" linktype=\\\"page\\\">Provide Feedback</a><br/><a id=\\\"18\\\" linktype=\\\"page\\\">Help improve translations</a></p>\", \"first_published_at\": \"2016-03-10T17:27:08.884Z\", \"footer_column_4\": \"<h4>About</h4>\\n<a id=\\\"11\\\" linktype=\\\"page\\\">About Land Matrix</a><p><a id=\\\"12\\\" linktype=\\\"page\\\">The ILC Partnership</a><br/><a id=\\\"13\\\" linktype=\\\"page\\\">Data policy</a><br/><a id=\\\"14\\\" linktype=\\\"page\\\">Get in touch</a></p><p></p>\", \"expire_at\": null, \"depth\": 2, \"footer_column_3\": \"<h4>Stay Informed</h4>\\n<a id=\\\"8\\\" linktype=\\\"page\\\">Blog</a><p><a id=\\\"9\\\" linktype=\\\"page\\\">Newsletter</a><br/><a id=\\\"10\\\" linktype=\\\"page\\\">Publications</a></p><p></p>\", \"has_unpublished_changes\": false, \"live\": true, \"seo_title\": \"\", \"go_live_at\": null, \"footer_column_1\": \"<h4>Explore</h4><a href=\\\"/global/charts/\\\">Global Web of transn. deals</a><br/><a href=\\\"/global/charts/map-of-investments/\\\">Global map of investments</a><br/><a href=\\\"/map/\\\">Interactive Map</a><br/><a href=\\\"/data/\\\">Grid of deals by country</a><br/><a id=\\\"20\\\" linktype=\\\"page\\\">Download Data</a><br/><ul>\\n                    </ul>\\n\", \"pk\": 7, \"content_type\": 91, \"search_description\": \"\", \"expired\": false, \"path\": \"00010001\", \"locked\": false, \"title\": \"Startseite\", \"body\": \"[]\", \"slug\": \"startseite\"}", "submitted_for_moderation": false, "user": 37, "page": 7, "approved_go_live_at": null}, "model": "wagtailcore.pagerevision", "pk": 48}, {"fields": {"created_at": "2016-03-15T14:40:08.369Z", "content_json": "{\"show_in_menus\": false, \"latest_revision_created_at\": \"2016-03-15T14:26:57.664Z\", \"owner\": 37, \"url_path\": \"/startseite/\", \"numchild\": 14, \"footer_column_2\": \"<h4>Get Involved</h4>\\n<a id=\\\"15\\\" linktype=\\\"page\\\">Add a deal</a><p><a id=\\\"16\\\" linktype=\\\"page\\\">Develop your own app</a><br/><a id=\\\"17\\\" linktype=\\\"page\\\">Provide Feedback</a><br/><a id=\\\"18\\\" linktype=\\\"page\\\">Help improve translations</a></p>\", \"first_published_at\": \"2016-03-10T17:27:08.884Z\", \"footer_column_4\": \"<h4>About</h4>\\n<a id=\\\"11\\\" linktype=\\\"page\\\">About Land Matrix</a><p><a id=\\\"12\\\" linktype=\\\"page\\\">The ILC Partnership</a><br/><a id=\\\"13\\\" linktype=\\\"page\\\">Data policy</a><br/><a id=\\\"14\\\" linktype=\\\"page\\\">Get in touch</a></p><p></p>\", \"expire_at\": null, \"depth\": 2, \"footer_column_3\": \"<h4>Stay Informed</h4>\\n<a id=\\\"8\\\" linktype=\\\"page\\\">Blog</a><p><a id=\\\"9\\\" linktype=\\\"page\\\">Newsletter</a><br/><a id=\\\"10\\\" linktype=\\\"page\\\">Publications</a></p><p></p>\", \"has_unpublished_changes\": false, \"live\": true, \"seo_title\": \"\", \"go_live_at\": null, \"footer_column_1\": \"<h4>Explore</h4><a href=\\\"/global/charts/\\\">Global Web of transn. deals</a><br/><a href=\\\"/global/charts/map-of-investments/\\\">Global map of investments</a><br/><a href=\\\"/map/\\\">Interactive Map</a><br/><a href=\\\"/data/\\\">Grid of deals by country</a><br/><a id=\\\"20\\\" linktype=\\\"page\\\">Download Data</a><br/><ul>\\n                    </ul>\\n\", \"pk\": 7, \"content_type\": 91, \"search_description\": \"\", \"expired\": false, \"path\": \"00010001\", \"locked\": false, \"title\": \"Land Matrix\", \"body\": \"[]\", \"slug\": \"startseite\"}", "submitted_for_moderation": false, "user": 37, "page": 7, "approved_go_live_at": null}, "model": "wagtailcore.pagerevision", "pk": 49}, {"fields": {"created_at": "2016-03-15T15:01:10.168Z", "content_json": "{\"body\": \"[{\\\"value\\\": \\\"    <div class=\\\\\\\"row\\\\\\\">\\\\r\\\\n        <div class=\\\\\\\"col-md-12 center\\\\\\\">\\\\r\\\\n            <div id=\\\\\\\"carousel-explanation\\\\\\\" class=\\\\\\\"carousel slide\\\\\\\" data-ride=\\\\\\\"carousel\\\\\\\" data-interval=\\\\\\\"false\\\\\\\">\\\\r\\\\n                <!-- Indicators -->\\\\r\\\\n                <ol class=\\\\\\\"carousel-indicators\\\\\\\">\\\\r\\\\n                    <li data-target=\\\\\\\"#carousel-explanation\\\\\\\" data-slide-to=\\\\\\\"0\\\\\\\" class=\\\\\\\"active\\\\\\\"></li>\\\\r\\\\n                    <li data-target=\\\\\\\"#carousel-explanation\\\\\\\" data-slide-to=\\\\\\\"1\\\\\\\"></li>\\\\r\\\\n                    <li data-target=\\\\\\\"#carousel-explanation\\\\\\\" data-slide-to=\\\\\\\"2\\\\\\\"></li>\\\\r\\\\n                    <li data-target=\\\\\\\"#carousel-explanation\\\\\\\" data-slide-to=\\\\\\\"3\\\\\\\"></li>\\\\r\\\\n                </ol>\\\\r\\\\n                <div class=\\\\\\\"center\\\\\\\">\\\\r\\\\n\\\\r\\\\n                    <!-- Wrapper for slides -->\\\\r\\\\n                    <div class=\\\\\\\"carousel-inner\\\\\\\" role=\\\\\\\"listbox\\\\\\\">\\\\r\\\\n                        <div class=\\\\\\\"item active\\\\\\\">\\\\r\\\\n                            <img src=\\\\\\\"http://placehold.it/850x450\\\\\\\" alt=\\\\\\\"Slide #1\\\\\\\">\\\\r\\\\n\\\\r\\\\n                            <div class=\\\\\\\"carousel-caption\\\\\\\">\\\\r\\\\n                            </div>\\\\r\\\\n                        </div>\\\\r\\\\n                        <div class=\\\\\\\"item\\\\\\\">\\\\r\\\\n                            <img src=\\\\\\\"http://placehold.it/350x450\\\\\\\" alt=\\\\\\\"\\\\\\\">\\\\r\\\\n\\\\r\\\\n                            <div class=\\\\\\\"carousel-caption\\\\\\\">\\\\r\\\\n                            </div>\\\\r\\\\n                        </div>\\\\r\\\\n                        <div class=\\\\\\\"item\\\\\\\">\\\\r\\\\n                            <img src=\\\\\\\"http://placehold.it/350x450\\\\\\\" alt=\\\\\\\"\\\\\\\">\\\\r\\\\n\\\\r\\\\n                            <div class=\\\\\\\"carousel-caption\\\\\\\">\\\\r\\\\n                            </div>\\\\r\\\\n                        </div>\\\\r\\\\n                        <div class=\\\\\\\"item\\\\\\\">\\\\r\\\\n                            <img src=\\\\\\\"http://placehold.it/350x450\\\\\\\" alt=\\\\\\\"\\\\\\\">\\\\r\\\\n\\\\r\\\\n                            <div class=\\\\\\\"carousel-caption\\\\\\\">\\\\r\\\\n                            </div>\\\\r\\\\n                        </div>\\\\r\\\\n                    </div>\\\\r\\\\n                </div>\\\\r\\\\n                <!-- Controls -->\\\\r\\\\n                <a class=\\\\\\\"left carousel-control\\\\\\\" href=\\\\\\\"#carousel-explanation\\\\\\\" role=\\\\\\\"button\\\\\\\" data-slide=\\\\\\\"prev\\\\\\\">\\\\r\\\\n                    <span class=\\\\\\\"glyphicon glyphicon-menu-left\\\\\\\" aria-hidden=\\\\\\\"true\\\\\\\"></span>\\\\r\\\\n                    <span class=\\\\\\\"sr-only\\\\\\\">Previous</span>\\\\r\\\\n                </a>\\\\r\\\\n                <a class=\\\\\\\"right carousel-control\\\\\\\" href=\\\\\\\"#carousel-explanation\\\\\\\" role=\\\\\\\"button\\\\\\\" data-slide=\\\\\\\"next\\\\\\\">\\\\r\\\\n                    <span class=\\\\\\\"glyphicon glyphicon-menu-right\\\\\\\" aria-hidden=\\\\\\\"true\\\\\\\"></span>\\\\r\\\\n                    <span class=\\\\\\\"sr-only\\\\\\\">Next</span>\\\\r\\\\n                </a>\\\\r\\\\n\\\\r\\\\n            </div>\\\\r\\\\n\\\\r\\\\n            <hr>\\\\r\\\\n\\\\r\\\\n            <h3>Online Public Database on Land Deals</h3>\\\\r\\\\n\\\\r\\\\n            <p class=\\\\\\\"lead\\\\\\\">\\\\r\\\\n                The Land Matrix is a global and independent land monitoring initiative that promotes transparency and\\\\r\\\\n                accountability in decisions over land and investment. This website is our Global Observatory - an open\\\\r\\\\n                tool\\\\r\\\\n                for collecting and visualising information about large-scale land acquisitions. The data represented\\\\r\\\\n                here is\\\\r\\\\n                constantly evolving; to make this resource more accurate and comprehensive, we encourage your\\\\r\\\\n                participation.\\\\r\\\\n            </p>\\\\r\\\\n            <a href=\\\\\\\"/info\\\\\\\" class=\\\\\\\"btn btn-large\\\\\\\" type=\\\\\\\"button\\\\\\\">Read more</a>\\\\r\\\\n\\\\r\\\\n        </div> <!-- Carousel & Explanation -->\\\\r\\\\n    </div>\\\\r\\\\n    </div>\\\\r\\\\n    <div class=\\\\\\\"well\\\\\\\">\\\\r\\\\n        <div class=\\\\\\\"container\\\\\\\">\\\\r\\\\n            <div class=\\\\\\\"row\\\\\\\">\\\\r\\\\n                <div class=\\\\\\\"col-md-12 center\\\\\\\">\\\\r\\\\n                    <h3>We currently have information about <i class=\\\\\\\"lm lm-question-circle\\\\\\\"></i></h3>\\\\r\\\\n                    <img src=\\\\\\\"http://placehold.it/800x450\\\\\\\"/>\\\\r\\\\n\\\\r\\\\n                    <div class=\\\\\\\"row left\\\\\\\">\\\\r\\\\n                        <a href=\\\\\\\"/map/\\\\\\\">\\\\r\\\\n                            <div class=\\\\\\\"col-md-offset-3 col-md-2\\\\\\\"><span class=\\\\\\\"whitecircle\\\\\\\"><i\\\\r\\\\n                                    class=\\\\\\\"lm-map-marker\\\\\\\"></i></span><br>Map\\\\r\\\\n                            </div>\\\\r\\\\n                        </a>\\\\r\\\\n                        <a href=\\\\\\\"/data/\\\\\\\">\\\\r\\\\n                            <div class=\\\\\\\"col-md-2\\\\\\\"><span class=\\\\\\\"whitecircle\\\\\\\"><i class=\\\\\\\"lm-table\\\\\\\"></i></span><br>Data\\\\r\\\\n                            </div>\\\\r\\\\n                        </a>\\\\r\\\\n                        <a href=\\\\\\\"/global/charts/\\\\\\\">\\\\r\\\\n                            <div class=\\\\\\\"col-md-2\\\\\\\"><span class=\\\\\\\"whitecircle\\\\\\\"><i class=\\\\\\\"lm-bar-chart\\\\\\\"></i></span><br>Charts\\\\r\\\\n                            </div>\\\\r\\\\n                        </a>\\\\r\\\\n                    </div>\\\\r\\\\n                </div> <!-- We currently have.. -->\\\\r\\\\n            </div>\\\\r\\\\n        </div>\\\\r\\\\n    </div>\\\\r\\\\n    <div class=\\\\\\\"container\\\\\\\">\\\\r\\\\n        <div class=\\\\\\\"row\\\\\\\">\\\\r\\\\n            <div class=\\\\\\\"col-md-12\\\\\\\">\\\\r\\\\n                <div class=\\\\\\\"row\\\\\\\">\\\\r\\\\n                    <div class=\\\\\\\"col-md-6\\\\\\\">\\\\r\\\\n                        <h3>Latest database modifications</h3>\\\\r\\\\n                        <table class=\\\\\\\"table table-striped\\\\\\\">\\\\r\\\\n                            <tr>\\\\r\\\\n                                <th>Deal #</th>\\\\r\\\\n                                <th>Date</th>\\\\r\\\\n                                <th>State</th>\\\\r\\\\n                                <th>Target Country</th>\\\\r\\\\n                            </tr>\\\\r\\\\n                            <tr>\\\\r\\\\n                                <td><a href=\\\\\\\"\\\\\\\">768</a></td>\\\\r\\\\n                                <td>03/12/14</td>\\\\r\\\\n                                <td>Updated</td>\\\\r\\\\n                                <td>Brazil</td>\\\\r\\\\n                            </tr>\\\\r\\\\n\\\\r\\\\n                            <tr>\\\\r\\\\n                                <td><a href=\\\\\\\"\\\\\\\">4575</a></td>\\\\r\\\\n                                <td>03/12/14</td>\\\\r\\\\n                                <td>Updated</td>\\\\r\\\\n                                <td>Lao People's Democratic Republic</td>\\\\r\\\\n                            </tr>\\\\r\\\\n                            <tr>\\\\r\\\\n                                <td><a href=\\\\\\\"\\\\\\\">4054</a></td>\\\\r\\\\n                                <td>10/14/14</td>\\\\r\\\\n                                <td>Updated</td>\\\\r\\\\n                                <td>Brazil</td>\\\\r\\\\n                            </tr>\\\\r\\\\n                            <tr>\\\\r\\\\n                                <td><a href=\\\\\\\"\\\\\\\">4201</a></td>\\\\r\\\\n                                <td>07/04/14</td>\\\\r\\\\n                                <td>Added</td>\\\\r\\\\n                                <td>Brazil</td>\\\\r\\\\n                            </tr>\\\\r\\\\n                            <tr>\\\\r\\\\n                                <td><a href=\\\\\\\"\\\\\\\">4365</a></td>\\\\r\\\\n                                <td>03/12/14</td>\\\\r\\\\n                                <td>Updated</td>\\\\r\\\\n                                <td>Panama</td>\\\\r\\\\n                            </tr>\\\\r\\\\n                            <tr>\\\\r\\\\n                                <td><a href=\\\\\\\"\\\\\\\">4054</a></td>\\\\r\\\\n                                <td>02/08/14</td>\\\\r\\\\n                                <td>Updated</td>\\\\r\\\\n                                <td>Brazil</td>\\\\r\\\\n                            <tr>\\\\r\\\\n                        </table>\\\\r\\\\n                    </div>  <!-- Stats box -->\\\\r\\\\n\\\\r\\\\n                    <div class=\\\\\\\"col-md-6\\\\\\\">\\\\r\\\\n                        <h3>Twitter</h3>\\\\r\\\\n\\\\r\\\\n                        <a class=\\\\\\\"twitter-timeline\\\\\\\" href=\\\\\\\"https://twitter.com/landmatrix\\\\\\\"\\\\r\\\\n                           data-widget-id=\\\\\\\"706846539856142336\\\\\\\">Tweets by @landmatrix</a>\\\\r\\\\n                        <script>!function (d, s, id) {\\\\r\\\\n                            var js, fjs = d.getElementsByTagName(s)[0], p = /^http:/.test(d.location) ? 'http' : 'https';\\\\r\\\\n                            if (!d.getElementById(id)) {\\\\r\\\\n                                js = d.createElement(s);\\\\r\\\\n                                js.id = id;\\\\r\\\\n                                js.src = p + \\\\\\\"://platform.twitter.com/widgets.js\\\\\\\";\\\\r\\\\n                                fjs.parentNode.insertBefore(js, fjs);\\\\r\\\\n                            }\\\\r\\\\n                        }(document, \\\\\\\"script\\\\\\\", \\\\\\\"twitter-wjs\\\\\\\");</script>\\\\r\\\\n                    </div>  <!-- Twitter box -->\\\\r\\\\n                </div>\\\\r\\\\n            </div><!-- Stats & Twitter -->\\\\r\\\\n        </div>\\\\r\\\\n    </div>\\\\r\\\\n    <div class=\\\\\\\"well\\\\\\\">\\\\r\\\\n        <div class=\\\\\\\"container\\\\\\\">\\\\r\\\\n            <div class=\\\\\\\"row\\\\\\\">\\\\r\\\\n                <div id=\\\\\\\"news\\\\\\\" class=\\\\\\\"col-md-12\\\\\\\">\\\\r\\\\n                    <h3 class=\\\\\\\"center\\\\\\\">Latest News</h3>\\\\r\\\\n\\\\r\\\\n                    <div class=\\\\\\\"row\\\\\\\">\\\\r\\\\n                        <div class=\\\\\\\"col-md-6 newsitem\\\\\\\">\\\\r\\\\n                            <div class=\\\\\\\"thumb\\\\\\\">\\\\r\\\\n                                <img src=\\\\\\\"{% static \\\\\\\"img/logo.png\\\\\\\" %}\\\\\\\"/>\\\\r\\\\n                            </div>\\\\r\\\\n                            <div class=\\\\\\\"newstext\\\\\\\">\\\\r\\\\n                                <h6>Research Assistant @Land Matrix Initiative</h6>\\\\r\\\\n                                <small>Published on: 27 August 2015</small>\\\\r\\\\n                                <p>\\\\r\\\\n                                    The Land Matrix Initiative (LMI)\\\\r\\\\n                                    www.landmatrix.org is a global and independent\\\\r\\\\n                                    initiative monitoring competition over land use in\\\\r\\\\n                                    the Global South...\\\\r\\\\n                                    <br>\\\\r\\\\n                                    <a href=\\\\\\\"#\\\\\\\">Read more</a>\\\\r\\\\n                                </p>\\\\r\\\\n                            </div>\\\\r\\\\n                        </div>\\\\r\\\\n                        <div class=\\\\\\\"col-md-6 newsitem\\\\\\\">\\\\r\\\\n                            <div class=\\\\\\\"thumb\\\\\\\">\\\\r\\\\n                                <img src=\\\\\\\"{% static \\\\\\\"img/logo.png\\\\\\\" %}\\\\\\\"/>\\\\r\\\\n                            </div>\\\\r\\\\n                            <div class=\\\\\\\"newstext\\\\\\\">\\\\r\\\\n\\\\r\\\\n                                <h6>Phase 1 Final Newsletter</h6>\\\\r\\\\n                                <small>Published on: 03 September 2015</small>\\\\r\\\\n                                <p>\\\\r\\\\n                                    This newsletter summarizes the work done by the Land Matrix Latin America\\\\r\\\\n                                    Focal Point (LM - LAFP) during Phase I of this project, which started in August,\\\\r\\\\n                                    2014 and ends on July 31, 2015...\\\\r\\\\n                                    <br>\\\\r\\\\n                                    <a href=\\\\\\\"#\\\\\\\">Read more</a>\\\\r\\\\n                                </p>\\\\r\\\\n                            </div>\\\\r\\\\n                        </div>\\\\r\\\\n                    </div>\\\\r\\\\n                </div> <!-- News -->\\\\r\\\\n            </div>\\\\r\\\\n        </div>\\\\r\\\\n    </div>\\\\r\\\\n    <div class=\\\\\\\"container\\\\\\\">\\\\r\\\\n    <div class=\\\\\\\"row\\\\\\\">\\\\r\\\\n        <div class=\\\\\\\"col-md-12 center\\\\\\\">\\\\r\\\\n            <h3>Our Partners</h3>\\\\r\\\\n            <img src=\\\\\\\"{% static \\\\\\\"img/partners.png\\\\\\\" %}\\\\\\\"/>\\\\r\\\\n        </div> <!-- Partners -->\\\\r\\\\n    </div>\\\", \\\"type\\\": \\\"html\\\"}]\", \"expire_at\": null, \"title\": \"Land Matrix\", \"pk\": 7, \"has_unpublished_changes\": false, \"search_description\": \"\", \"numchild\": 14, \"content_type\": 91, \"footer_column_1\": \"<h4>Explore</h4><a href=\\\"/global/charts/\\\">Global Web of transn. deals</a><br/><a href=\\\"/global/charts/map-of-investments/\\\">Global map of investments</a><br/><a href=\\\"/map/\\\">Interactive Map</a><br/><a href=\\\"/data/\\\">Grid of deals by country</a><br/><a id=\\\"20\\\" linktype=\\\"page\\\">Download Data</a><br/><ul>\\n                    </ul>\\n\", \"latest_revision_created_at\": \"2016-03-15T14:40:08.369Z\", \"owner\": 37, \"seo_title\": \"\", \"go_live_at\": null, \"first_published_at\": \"2016-03-10T17:27:08.884Z\", \"locked\": false, \"show_in_menus\": false, \"footer_column_3\": \"<h4>Stay Informed</h4>\\n<a id=\\\"8\\\" linktype=\\\"page\\\">Blog</a><p><a id=\\\"9\\\" linktype=\\\"page\\\">Newsletter</a><br/><a id=\\\"10\\\" linktype=\\\"page\\\">Publications</a></p><p></p>\", \"footer_column_2\": \"<h4>Get Involved</h4>\\n<a id=\\\"15\\\" linktype=\\\"page\\\">Add a deal</a><p><a id=\\\"16\\\" linktype=\\\"page\\\">Develop your own app</a><br/><a id=\\\"17\\\" linktype=\\\"page\\\">Provide Feedback</a><br/><a id=\\\"18\\\" linktype=\\\"page\\\">Help improve translations</a></p>\", \"depth\": 2, \"url_path\": \"/startseite/\", \"live\": true, \"slug\": \"startseite\", \"footer_column_4\": \"<h4>About</h4>\\n<a id=\\\"11\\\" linktype=\\\"page\\\">About Land Matrix</a><p><a id=\\\"12\\\" linktype=\\\"page\\\">The ILC Partnership</a><br/><a id=\\\"13\\\" linktype=\\\"page\\\">Data policy</a><br/><a id=\\\"14\\\" linktype=\\\"page\\\">Get in touch</a></p><p></p>\", \"path\": \"00010001\", \"expired\": false}", "submitted_for_moderation": false, "user": 37, "page": 7, "approved_go_live_at": null}, "model": "wagtailcore.pagerevision", "pk": 50}, {"fields": {"permission_type": "add", "page": 1, "group": 5}, "model": "wagtailcore.grouppagepermission", "pk": 1}, {"fields": {"permission_type": "edit", "page": 1, "group": 5}, "model": "wagtailcore.grouppagepermission", "pk": 2}, {"fields": {"permission_type": "publish", "page": 1, "group": 5}, "model": "wagtailcore.grouppagepermission", "pk": 3}, {"fields": {"permission_type": "add", "page": 1, "group": 6}, "model": "wagtailcore.grouppagepermission", "pk": 4}, {"fields": {"permission_type": "edit", "page": 1, "group": 6}, "model": "wagtailcore.grouppagepermission", "pk": 5}, {"fields": {"permission_type": "lock", "page": 1, "group": 5}, "model": "wagtailcore.grouppagepermission", "pk": 6}, {"fields": {"footer_column_1": "<h4>Explore</h4><a href=\"/global/charts/\">Global Web of transn. deals</a><br/><a href=\"/global/charts/map-of-investments/\">Global map of investments</a><br/><a href=\"/map/\">Interactive Map</a><br/><a href=\"/data/\">Grid of deals by country</a><br/><a id=\"20\" linktype=\"page\">Download Data</a><br/><ul>\n                    </ul>\n", "body": "[{\"type\": \"html\", \"value\": \"    <div class=\\\"row\\\">\\r\\n        <div class=\\\"col-md-12 center\\\">\\r\\n            <div id=\\\"carousel-explanation\\\" class=\\\"carousel slide\\\" data-ride=\\\"carousel\\\" data-interval=\\\"false\\\">\\r\\n                <!-- Indicators -->\\r\\n                <ol class=\\\"carousel-indicators\\\">\\r\\n                    <li data-target=\\\"#carousel-explanation\\\" data-slide-to=\\\"0\\\" class=\\\"active\\\"></li>\\r\\n                    <li data-target=\\\"#carousel-explanation\\\" data-slide-to=\\\"1\\\"></li>\\r\\n                    <li data-target=\\\"#carousel-explanation\\\" data-slide-to=\\\"2\\\"></li>\\r\\n                    <li data-target=\\\"#carousel-explanation\\\" data-slide-to=\\\"3\\\"></li>\\r\\n                </ol>\\r\\n                <div class=\\\"center\\\">\\r\\n\\r\\n                    <!-- Wrapper for slides -->\\r\\n                    <div class=\\\"carousel-inner\\\" role=\\\"listbox\\\">\\r\\n                        <div class=\\\"item active\\\">\\r\\n                            <img src=\\\"http://placehold.it/850x450\\\" alt=\\\"Slide #1\\\">\\r\\n\\r\\n                            <div class=\\\"carousel-caption\\\">\\r\\n                            </div>\\r\\n                        </div>\\r\\n                        <div class=\\\"item\\\">\\r\\n                            <img src=\\\"http://placehold.it/350x450\\\" alt=\\\"\\\">\\r\\n\\r\\n                            <div class=\\\"carousel-caption\\\">\\r\\n                            </div>\\r\\n                        </div>\\r\\n                        <div class=\\\"item\\\">\\r\\n                            <img src=\\\"http://placehold.it/350x450\\\" alt=\\\"\\\">\\r\\n\\r\\n                            <div class=\\\"carousel-caption\\\">\\r\\n                            </div>\\r\\n                        </div>\\r\\n                        <div class=\\\"item\\\">\\r\\n                            <img src=\\\"http://placehold.it/350x450\\\" alt=\\\"\\\">\\r\\n\\r\\n                            <div class=\\\"carousel-caption\\\">\\r\\n                            </div>\\r\\n                        </div>\\r\\n                    </div>\\r\\n                </div>\\r\\n                <!-- Controls -->\\r\\n                <a class=\\\"left carousel-control\\\" href=\\\"#carousel-explanation\\\" role=\\\"button\\\" data-slide=\\\"prev\\\">\\r\\n                    <span class=\\\"glyphicon glyphicon-menu-left\\\" aria-hidden=\\\"true\\\"></span>\\r\\n                    <span class=\\\"sr-only\\\">Previous</span>\\r\\n                </a>\\r\\n                <a class=\\\"right carousel-control\\\" href=\\\"#carousel-explanation\\\" role=\\\"button\\\" data-slide=\\\"next\\\">\\r\\n                    <span class=\\\"glyphicon glyphicon-menu-right\\\" aria-hidden=\\\"true\\\"></span>\\r\\n                    <span class=\\\"sr-only\\\">Next</span>\\r\\n                </a>\\r\\n\\r\\n            </div>\\r\\n\\r\\n            <hr>\\r\\n\\r\\n            <h3>Online Public Database on Land Deals</h3>\\r\\n\\r\\n            <p class=\\\"lead\\\">\\r\\n                The Land Matrix is a global and independent land monitoring initiative that promotes transparency and\\r\\n                accountability in decisions over land and investment. This website is our Global Observatory - an open\\r\\n                tool\\r\\n                for collecting and visualising information about large-scale land acquisitions. The data represented\\r\\n                here is\\r\\n                constantly evolving; to make this resource more accurate and comprehensive, we encourage your\\r\\n                participation.\\r\\n            </p>\\r\\n            <a href=\\\"/info\\\" class=\\\"btn btn-large\\\" type=\\\"button\\\">Read more</a>\\r\\n\\r\\n        </div> <!-- Carousel & Explanation -->\\r\\n    </div>\\r\\n    </div>\\r\\n    <div class=\\\"well\\\">\\r\\n        <div class=\\\"container\\\">\\r\\n            <div class=\\\"row\\\">\\r\\n                <div class=\\\"col-md-12 center\\\">\\r\\n                    <h3>We currently have information about <i class=\\\"lm lm-question-circle\\\"></i></h3>\\r\\n                    <img src=\\\"http://placehold.it/800x450\\\"/>\\r\\n\\r\\n                    <div class=\\\"row left\\\">\\r\\n                        <a href=\\\"/map/\\\">\\r\\n                            <div class=\\\"col-md-offset-3 col-md-2\\\"><span class=\\\"whitecircle\\\"><i\\r\\n                                    class=\\\"lm-map-marker\\\"></i></span><br>Map\\r\\n                            </div>\\r\\n                        </a>\\r\\n                        <a href=\\\"/data/\\\">\\r\\n                            <div class=\\\"col-md-2\\\"><span class=\\\"whitecircle\\\"><i class=\\\"lm-table\\\"></i></span><br>Data\\r\\n                            </div>\\r\\n                        </a>\\r\\n                        <a href=\\\"/global/charts/\\\">\\r\\n                            <div class=\\\"col-md-2\\\"><span class=\\\"whitecircle\\\"><i class=\\\"lm-bar-chart\\\"></i></span><br>Charts\\r\\n                            </div>\\r\\n                        </a>\\r\\n                    </div>\\r\\n                </div> <!-- We currently have.. -->\\r\\n            </div>\\r\\n        </div>\\r\\n    </div>\\r\\n    <div class=\\\"container\\\">\\r\\n        <div class=\\\"row\\\">\\r\\n            <div class=\\\"col-md-12\\\">\\r\\n                <div class=\\\"row\\\">\\r\\n                    <div class=\\\"col-md-6\\\">\\r\\n                        <h3>Latest database modifications</h3>\\r\\n                        <table class=\\\"table table-striped\\\">\\r\\n                            <tr>\\r\\n                                <th>Deal #</th>\\r\\n                                <th>Date</th>\\r\\n                                <th>State</th>\\r\\n                                <th>Target Country</th>\\r\\n                            </tr>\\r\\n                            <tr>\\r\\n                                <td><a href=\\\"\\\">768</a></td>\\r\\n                                <td>03/12/14</td>\\r\\n                                <td>Updated</td>\\r\\n                                <td>Brazil</td>\\r\\n                            </tr>\\r\\n\\r\\n                            <tr>\\r\\n                                <td><a href=\\\"\\\">4575</a></td>\\r\\n                                <td>03/12/14</td>\\r\\n                                <td>Updated</td>\\r\\n                                <td>Lao People's Democratic Republic</td>\\r\\n                            </tr>\\r\\n                            <tr>\\r\\n                                <td><a href=\\\"\\\">4054</a></td>\\r\\n                                <td>10/14/14</td>\\r\\n                                <td>Updated</td>\\r\\n                                <td>Brazil</td>\\r\\n                            </tr>\\r\\n                            <tr>\\r\\n                                <td><a href=\\\"\\\">4201</a></td>\\r\\n                                <td>07/04/14</td>\\r\\n                                <td>Added</td>\\r\\n                                <td>Brazil</td>\\r\\n                            </tr>\\r\\n                            <tr>\\r\\n                                <td><a href=\\\"\\\">4365</a></td>\\r\\n                                <td>03/12/14</td>\\r\\n                                <td>Updated</td>\\r\\n                                <td>Panama</td>\\r\\n                            </tr>\\r\\n                            <tr>\\r\\n                                <td><a href=\\\"\\\">4054</a></td>\\r\\n                                <td>02/08/14</td>\\r\\n                                <td>Updated</td>\\r\\n                                <td>Brazil</td>\\r\\n                            <tr>\\r\\n                        </table>\\r\\n                    </div>  <!-- Stats box -->\\r\\n\\r\\n                    <div class=\\\"col-md-6\\\">\\r\\n                        <h3>Twitter</h3>\\r\\n\\r\\n                        <a class=\\\"twitter-timeline\\\" href=\\\"https://twitter.com/landmatrix\\\"\\r\\n                           data-widget-id=\\\"706846539856142336\\\">Tweets by @landmatrix</a>\\r\\n                        <script>!function (d, s, id) {\\r\\n                            var js, fjs = d.getElementsByTagName(s)[0], p = /^http:/.test(d.location) ? 'http' : 'https';\\r\\n                            if (!d.getElementById(id)) {\\r\\n                                js = d.createElement(s);\\r\\n                                js.id = id;\\r\\n                                js.src = p + \\\"://platform.twitter.com/widgets.js\\\";\\r\\n                                fjs.parentNode.insertBefore(js, fjs);\\r\\n                            }\\r\\n                        }(document, \\\"script\\\", \\\"twitter-wjs\\\");</script>\\r\\n                    </div>  <!-- Twitter box -->\\r\\n                </div>\\r\\n            </div><!-- Stats & Twitter -->\\r\\n        </div>\\r\\n    </div>\\r\\n    <div class=\\\"well\\\">\\r\\n        <div class=\\\"container\\\">\\r\\n            <div class=\\\"row\\\">\\r\\n                <div id=\\\"news\\\" class=\\\"col-md-12\\\">\\r\\n                    <h3 class=\\\"center\\\">Latest News</h3>\\r\\n\\r\\n                    <div class=\\\"row\\\">\\r\\n                        <div class=\\\"col-md-6 newsitem\\\">\\r\\n                            <div class=\\\"thumb\\\">\\r\\n                                <img src=\\\"{% static \\\"img/logo.png\\\" %}\\\"/>\\r\\n                            </div>\\r\\n                            <div class=\\\"newstext\\\">\\r\\n                                <h6>Research Assistant @Land Matrix Initiative</h6>\\r\\n                                <small>Published on: 27 August 2015</small>\\r\\n                                <p>\\r\\n                                    The Land Matrix Initiative (LMI)\\r\\n                                    www.landmatrix.org is a global and independent\\r\\n                                    initiative monitoring competition over land use in\\r\\n                                    the Global South...\\r\\n                                    <br>\\r\\n                                    <a href=\\\"#\\\">Read more</a>\\r\\n                                </p>\\r\\n                            </div>\\r\\n                        </div>\\r\\n                        <div class=\\\"col-md-6 newsitem\\\">\\r\\n                            <div class=\\\"thumb\\\">\\r\\n                                <img src=\\\"{% static \\\"img/logo.png\\\" %}\\\"/>\\r\\n                            </div>\\r\\n                            <div class=\\\"newstext\\\">\\r\\n\\r\\n                                <h6>Phase 1 Final Newsletter</h6>\\r\\n                                <small>Published on: 03 September 2015</small>\\r\\n                                <p>\\r\\n                                    This newsletter summarizes the work done by the Land Matrix Latin America\\r\\n                                    Focal Point (LM - LAFP) during Phase I of this project, which started in August,\\r\\n                                    2014 and ends on July 31, 2015...\\r\\n                                    <br>\\r\\n                                    <a href=\\\"#\\\">Read more</a>\\r\\n                                </p>\\r\\n                            </div>\\r\\n                        </div>\\r\\n                    </div>\\r\\n                </div> <!-- News -->\\r\\n            </div>\\r\\n        </div>\\r\\n    </div>\\r\\n    <div class=\\\"container\\\">\\r\\n    <div class=\\\"row\\\">\\r\\n        <div class=\\\"col-md-12 center\\\">\\r\\n            <h3>Our Partners</h3>\\r\\n            <img src=\\\"{% static \\\"img/partners.png\\\" %}\\\"/>\\r\\n        </div> <!-- Partners -->\\r\\n    </div>\"}]", "footer_column_4": "<h4>About</h4>\n<a id=\"11\" linktype=\"page\">About Land Matrix</a><p><a id=\"12\" linktype=\"page\">The ILC Partnership</a><br/><a id=\"13\" linktype=\"page\">Data policy</a><br/><a id=\"14\" linktype=\"page\">Get in touch</a></p><p></p>", "footer_column_2": "<h4>Get Involved</h4>\n<a id=\"15\" linktype=\"page\">Add a deal</a><p><a id=\"16\" linktype=\"page\">Develop your own app</a><br/><a id=\"17\" linktype=\"page\">Provide Feedback</a><br/><a id=\"18\" linktype=\"page\">Help improve translations</a></p>", "footer_column_3": "<h4>Stay Informed</h4>\n<a id=\"8\" linktype=\"page\">Blog</a><p><a id=\"9\" linktype=\"page\">Newsletter</a><br/><a id=\"10\" linktype=\"page\">Publications</a></p><p></p>"}, "model": "wagtailcms.wagtailrootpage", "pk": 7}, {"fields": {"body": "<p>Lorem ipsum dolor sit amet, consetetur sadipscing elitr, sed diam nonumy eirmod tempor invidunt ut labore et dolore magna aliquyam erat, sed diam voluptua. At vero eos et accusam et justo duo dolores et ea rebum. Stet clita kasd gubergren, no sea takimata sanctus est Lorem ipsum dolor sit amet. Lorem ipsum dolor sit amet, consetetur sadipscing elitr, sed diam nonumy eirmod tempor invidunt ut labore et dolore magna aliquyam erat, sed diam voluptua. At vero eos et accusam et justo duo dolores et ea rebum. Stet clita kasd gubergren, no sea takimata sanctus est Lorem ipsum dolor sit amet.</p>"}, "model": "wagtailcms.wagtailpage", "pk": 8}, {"fields": {"body": "[]"}, "model": "wagtailcms.wagtailpage", "pk": 9}, {"fields": {"body": "[]"}, "model": "wagtailcms.wagtailpage", "pk": 10}, {"fields": {"body": "[]"}, "model": "wagtailcms.wagtailpage", "pk": 11}, {"fields": {"body": "[]"}, "model": "wagtailcms.wagtailpage", "pk": 12}, {"fields": {"body": "[]"}, "model": "wagtailcms.wagtailpage", "pk": 13}, {"fields": {"body": "[]"}, "model": "wagtailcms.wagtailpage", "pk": 14}, {"fields": {"body": "[]"}, "model": "wagtailcms.wagtailpage", "pk": 15}, {"fields": {"body": "[]"}, "model": "wagtailcms.wagtailpage", "pk": 16}, {"fields": {"body": "[]"}, "model": "wagtailcms.wagtailpage", "pk": 17}, {"fields": {"body": "[]"}, "model": "wagtailcms.wagtailpage", "pk": 18}, {"fields": {"body": "[]"}, "model": "wagtailcms.wagtailpage", "pk": 19}, {"fields": {"body": "[]"}, "model": "wagtailcms.wagtailpage", "pk": 20}, {"fields": {"body": "[]"}, "model": "wagtailcms.wagtailpage", "pk": 21}]